pipeline,id,question,gold_answer,model_answer_raw,model_answer_clean,contexts,latency_sec,status
graph_llama,Q1,What are the three basic security measures the Small Business Cyber Security Guide recommends as a starting point for SMBs?,"The guide recommends turning on multi-factor authentication, updating software, and backing up information as basic security measures.","Australian Small Businesses should implement multi-factor authentication (MFA), software updating, and data backups as they require these measures to protect themselves against cyber threats. These requirements are essential for SMBs to prevent devastating impacts resulting from cyber security incidents. The ACSC Partnership Program is related to small businesses that apply maturity level one of the Essential Eight. Small businesses also target cybercriminals who target them through email attacks and NAS or other servers.","Australian Small Businesses should implement multi-factor authentication (MFA), software updating, and data backups as they require these measures to protect themselves against cyber threats. These requirements are essential for SMBs to prevent devastating impacts resulting from cyber security incidents. The ACSC Partnership Program is related to small businesses that apply maturity level one of the Essential Eight. Small businesses also target cybercriminals who target them through email attacks and NAS or other servers.",Cybercriminals --TARGETS--> Australian Small Businesses (SMBs) ||| Australian Small Businesses (SMBs) --REQUIRES--> Multi-factor authentication (MFA) ||| Australian Small Businesses (SMBs) --REQUIRES--> Software updating ||| Australian Small Businesses (SMBs) --REQUIRES--> Data backups ||| Cybercriminals --TARGETS--> Small businesses ||| Email attacks --TARGETS--> Small businesses ||| ACSC Partnership Program --RELATED_TO--> Small businesses ||| Small businesses --APPLIES_TO--> Maturity Level One of the Essential Eight ||| Cyber security incident --LEADS_TO--> Devastating impacts ||| NAS or other servers --TARGETS--> Cybercriminals,9.225507736206055,ok
graph_llama,Q2,Which Australian government agency provides advice and has a 24/7 hotline for cyber security support?,"The Australian Cyber Security Centre (ACSC) provides advice and support, including through a 24/7 hotline.",I do not have enoughinformationfromtheknowledgegraphtoanswerthisquestion. I do not have enough information to answer this question. I do nothaveenoughinformationfromtheknowledgegraphtoanswerthisquestion. The Cyber Incident Review Board ( CIRB ) is responsible for issuing advice to government and industry.,I do not have enoughinformationfromtheknowledgegraphtoanswerthisquestion.,ASD’s Essential Eight mitigation strategies --MITIGATES--> Risk of compromise (government systems) ||| Highly sophisticated nation states and state-sponsored actors --TARGETS--> Governments and critical infrastructure providers ||| ASD’s Essential Eight --APPLIES_TO--> Australian Government agencies ||| ASD Essential Eight --REQUIRES--> Uplift of government systems ||| Cyber Incident Review Board (CIRB) --RESPONSIBLE_FOR--> Issuing advice to government and industry on how to avoid recurrence of incidents ||| Ransomware business model --REQUIRES--> Disruption by Australian Government ||| Foreign owned suppliers operating in Australia --RELATED_TO--> Subject to a foreign government’s lawful access to data ||| ASD’s Essential Eight --RELATED_TO--> Australian Government Information Security Manual ||| ASD’s Essential Eight --RELATED_TO--> Zero trust (whole-of-government culture) ||| Cyber Incident Management Arrangements --REQUIRES--> Formally recognising businesses in government's incident response playbook,7.098487377166748,ok
graph_llama,Q3,"What types of scams do cybercriminals use to target small businesses, and what are the goals of these scams?","Cybercriminals use email, text messages, phone calls, and social media scams, often pretending to be a trusted person or organization. Their goal is to scam staff into sending money/gift cards, clicking malicious links, or giving away sensitive information like passwords.","Cybercriminals target micro sized enterprises that are especially vulnerable to their highly adaptable and cunning tactics. These cybercriminals aim to breach business data by targeting NAS or other servers, which requires protection from them. The goal of these cybercriminals is to exploit data breaches for their own gain. I do not have enough information to determine the specific types of scams used.","Cybercriminals target micro sized enterprises that are especially vulnerable to their highly adaptable and cunning tactics. These cybercriminals aim to breach business data by targeting NAS or other servers, which requires protection from them. The goal of these cybercriminals is to exploit data breaches for their own gain. I do not have enough information to determine the specific types of scams used.",NAS or other servers --TARGETS--> Cybercriminals ||| Data breaches --RELATED_TO--> Cybercriminals targeting business data ||| Business data --REQUIRES--> Protection from cybercriminals ||| Micro sized enterprises --RELATED_TO--> Especially vulnerable to highly adaptable and cunning cybercriminals,6.997681379318237,ok
graph_llama,Q4,What critical challenge did the Western Australia study identify as the biggest hindrance to cybersecurity for SMBs?,"The biggest hindrance to cybersecurity found by the study was the lack of funds, coupled with a lack of knowledge on where to start implementing good security practices.","Employees and owners of SMEs in Western Australia are the main actors within the critical steps of recognizing, responding to, and recovering from cyber-attacks, but cyber security threats lead to threatening SMEs' existence, profitablity, and critical contributions to economy. I do not have enough information to determine what specific challenge was identified by the study. The employees and owners of SMEs are related to the main actors within the steps of recognizing, responding, to and recovering from cyber attacks. Cyber security threats lead to threatening SMES' existence, profitability,  and critical contributions to the Economy.","Employees and owners of SMEs in Western Australia are the main actors within the critical steps of recognizing, responding to, and recovering from cyber-attacks, but cyber security threats lead to threatening SMEs' existence, profitablity, and critical contributions to economy. I do not have enough information to determine what specific challenge was identified by the study. The employees and owners of SMEs are related to the main actors within the steps of recognizing, responding, to and recovering from cyber attacks. Cyber security threats lead to threatening SMES' existence, profitability, and critical contributions to the Economy.","Malicious state actors and cybercriminals --TARGETS--> Critical services like telecommunication networks and health systems ||| Highly sophisticated nation states and state-sponsored actors --TARGETS--> Governments and critical infrastructure providers ||| Non-prescriptive mandates --CAUSES--> Cybersecurity evolves with critical technologies ||| Security of Critical Infrastructure Act 2018 (SOCI Act) --APPLIES_TO--> Critical infrastructure regulation ||| NIST Identify Function (CSF) --REQUIRES--> Understanding and prioritising critical assets, systems, and data ||| Cyber security threats --LEADS_TO--> Threatening SMEs' existence, profitability, and critical contributions to the economy ||| SMBs (Western Australia) --LOCATED_IN--> Western Australia (WA) ||| Employees and owners (SMEs) --RELATED_TO--> Main actors within the critical steps in recognizing, responding to and recovering from cyber-attack",6.909081220626831,ok
graph_llama,Q5,What is the purpose of the Notifiable Data Breaches (NDB) legislation regarding reporting obligations for organizations?,The NDB legislation requires an organization to notify affected individuals and the Office of the Australian Information Commissioner (OAIC) as soon as practicable of a material data breach.,Australian Small Businesses (SMB) should report ransomware incidents to the ACSC. This includes understanding the location of business data and having an emergency plan for cybersecurity incidents. They also need to centralise their data with secure configurations and restricted access. I do not have enough information to determine the specific purpose of the NDB legislation.,Australian Small Businesses (SMB) should report ransomware incidents to the ACSC. This includes understanding the location of business data and having an emergency plan for cybersecurity incidents. They also need to centralise their data with secure configurations and restricted access. I do not have enough information to determine the specific purpose of the NDB legislation.,Australian Small Businesses (SMBs) --REQUIRES--> Multi-factor authentication (MFA) ||| Australian Small Businesses (SMBs) --REQUIRES--> Software updating ||| Australian Small Businesses (SMBs) --REQUIRES--> Data backups ||| Security software --REQUIRES--> Regular scans on your devices ||| Administrative accounts (servers/NAS) --REQUIRES--> Strong passphrase or multi-factor authentication ||| Business data --REQUIRES--> Understanding location ||| Centralising data --REQUIRES--> Secure configurations and restricted access ||| Small businesses --REQUIRES--> Emergency plan for cyber security incidents ||| Ransomware incidents --REQUIRES--> Reporting to the ACSC ||| Ransomware incidents --REQUIRES--> Reporting to the ACSC,8.017984390258789,ok
graph_llama,Q6,What is the role of MFA (Multi-factor authentication) in protecting online accounts for small businesses?,"MFA is one of the most effective ways to protect online accounts and applications from cyber criminals, acting as a two-step verification to verify a user’s identity.",Australian Small Businesses require Multi-factor authentication (Mfa). This requirement applies to administrative accounts that use strong passphrases or mfa. Mfa also helps prevent ransomware by requiring it to access services. I do not have enough information to determine if user access requires mfa.,Australian Small Businesses require Multi-factor authentication (Mfa). This requirement applies to administrative accounts that use strong passphrases or mfa. Mfa also helps prevent ransomware by requiring it to access services. I do not have enough information to determine if user access requires mfa.,Australian Small Businesses (SMBs) --REQUIRES--> Multi-factor authentication (MFA) ||| Administrative accounts (servers/NAS) --REQUIRES--> Strong passphrase or multi-factor authentication ||| User access --REQUIRES--> Only what they need for their role ||| Business devices (before disposal) --REQUIRES--> Perform a factory reset ||| Ransomware --REQUIRES--> Require multi-factor authentication to access services,6.768020868301392,ok
graph_llama,Q7,What are the two primary reasons why SMEs are highly important entities to threat actors?,"SMEs are highly important to threat actors because they are easier targets to exploit, and they often serve as a gateway to larger organizations or targeted high-profile victims [F11. CITRENZ_2022_paper_3899.pdf].",I do not have enough factual information from the knowledge graph regarding SME importance to threat actors. I do not have enough information to answer this question. I do not have any relevant information from the knowledge graph. I do not have sufficient information from the knowledge graph about SME importance to threat actors to provide an accurate response.,I do not have enough factual information from the knowledge graph regarding SME importance to threat actors.,ASD Essential 8 and ASD Top 4 --CAUSES--> Confusion for SMEs (re: guidance),7.933162450790405,ok
graph_llama,Q8,What should small businesses be aware of if they pay a ransom during a ransomware incident?,"Paying a ransom does not guarantee that the files will be restored, and it increases the likelihood of the victim being targeted again.","I do not have enoughinformation from the knowledge graph toanswer this question. (No additional text.) 
(End of response.) 
(No additional text.)
(End of response.)  (No additional text.) 
(Final Answer.)  (No additionaltext.) 
(End ofresponse.)  (Noadditional text.) 
(Endofresponse.)  (Noadditional text.) 
(End)  (Noadditionaltxt.) 
(Endof)  (Noaditionaltext.) 
(Endofresponsetext.)  (Noaditional) 
(Endofresponse)  (",I do not have enoughinformation from the knowledge graph toanswer this question. (No additional text.) (End of response.) (No additional text.) (End of response.) (No additional text.) (Final Answer.) (No additionaltext.) (End ofresponse.) (Noadditional text.) (Endofresponse.) (Noadditional text.) (End) (Noadditionaltxt.) (Endof) (Noaditionaltext.) (Endofresponsetext.) (Noaditional) (Endofresponse) (,Small businesses --RELATED_TO--> Rely heavily on security of platforms they use (assuming ‘secure-by-design’) ||| User access --REQUIRES--> Only what they need for their role ||| SMBs --RELATED_TO--> Lack cybersecurity knowledge (despite general awareness) ||| Australian Government --RESPONSIBLE_FOR--> Invest $62.3 million in a classified national situational awareness capability ||| Australian Government --RESPONSIBLE_FOR--> Investing $1.35 billion Cyber Enhanced Situational Awareness and Response (CESAR) package ||| SMEs --RELATED_TO--> 75% believe they are not targets of cybercrime ||| Health Care and Social Assistance industry (SMBs) --RELATED_TO--> Unaware of the NDB legislation (67%) ||| Health Care and Social Assistance industry (SMBs) --RELATED_TO--> Unaware of the NDB legislation (67%) ||| Australian SME employees and owners --RELATED_TO--> Lack the awareness of common threats ||| ASD’s ACSC --RESPONSIBLE_FOR--> Providing cyber security awareness training to SMEs,6.780132055282593,ok
graph_llama,Q9,What is the purpose of the proposed Cyber Health-Check Program under the 2023–2030 Australian Cyber Security Strategy?,"The program will offer a free, tailored assessment of cyber security maturity to small and medium businesses, along with educational tools and materials to help them improve their cyber security posture.",The Threat Sharing Acceleration Fund builds the capability of Australia's health system to identify threats. I do not have enough information to determine the purpose of the proposed program. The ASD's limited use obligation mitigates the risk that voluntarily provided information will be used for regulatory purposes. Malicious state actors and cyber criminals target critical services like telecommunication networks but there is no direct connection with the proposed program.,The Threat Sharing Acceleration Fund builds the capability of Australia's health system to identify threats. I do not have enough information to determine the purpose of the proposed program. The ASD's limited use obligation mitigates the risk that voluntarily provided information will be used for regulatory purposes. Malicious state actors and cyber criminals target critical services like telecommunication networks but there is no direct connection with the proposed program.,Malicious state actors and cybercriminals --TARGETS--> Critical services like telecommunication networks and health systems ||| Threat Sharing Acceleration Fund --RESPONSIBLE_FOR--> Building capability of Australia’s health system to identify threats ||| ASD’s limited use obligation --MITIGATES--> Voluntarily provided information being used for regulatory purposes,7.889575719833374,ok
graph_llama,Q10,What function does Application Control serve in preventing threats on systems?,"Application control is an effective way to prevent malicious code from executing on workstations and servers, and to ensure only approved applications can execute.",I do not have enoughinformation from the knowledge graph toanswer this question. Multi-factor authentication (MIFA) MITIGATES --> Cyber criminals accessing online accountsand applications. I do not have enough informationfrom the knowledge graph toanswerthis question. I do nothave enough information fromthe knowledge graph to answer thisquestion.,I do not have enoughinformation from the knowledge graph toanswer this question. Multi-factor authentication (MIFA) MITIGATES --> Cyber criminals accessing online accountsand applications. I do not have enough informationfrom the knowledge graph toanswerthis question. I do nothave enough information fromthe knowledge graph to answer thisquestion.,Multi-factor authentication (MFA) --MITIGATES--> Cyber criminals accessing online accounts and applications,6.767854452133179,ok
graph_llama,Q11,What are the consequences of an inadequate cybersecurity strategy for SMBs?,"Inadequate cybersecurity strategies make SMBs vulnerable to reputational damage, financial and legal consequences, and risk business insolvency [1-s2.0-S0167404824003316-main.pdf].","Australian small businesses lack cybersecurity monitoring tools and capabilities, which can lead to heightened cybersecurity risks due to increased digitalization. This is exacerbated by the fact that SMBs lack cybersecurity knowledge despite having general awareness, making it difficult for them to implement effective cybersecurity measures. As a result, they may struggle to adopt established cybersecurity frameworks such as NIST CSF, EssentialEight, and ISO 27001, which could mitigate these issues. I do not have enough information to provide further details on the specific consequences.","Australian small businesses lack cybersecurity monitoring tools and capabilities, which can lead to heightened cybersecurity risks due to increased digitalization. This is exacerbated by the fact that SMBs lack cybersecurity knowledge despite having general awareness, making it difficult for them to implement effective cybersecurity measures. As a result, they may struggle to adopt established cybersecurity frameworks such as NIST CSF, EssentialEight, and ISO 27001, which could mitigate these issues. I do not have enough information to provide further details on the specific consequences.","SMBs --RELATED_TO--> Lack cybersecurity monitoring tools and capabilities ||| SMBs --RESPONSIBLE_FOR--> Adopting cybersecurity frameworks (NIST CSF, Essential Eight, ISO 27001) ||| SMBs --RELATED_TO--> Lack cybersecurity knowledge (despite general awareness) ||| ASD --RESPONSIBLE_FOR--> Development of new and updated cybersecurity advice/capabilities/techniques ||| Cyber insurers --RESPONSIBLE_FOR--> Help businesses understand how to improve their cybersecurity ||| Increased digitalization --CAUSES--> Heightens cybersecurity risks ||| Governments --REQUIRES--> Robust risk management to address cybersecurity risks ||| Non-prescriptive mandates --CAUSES--> Cybersecurity evolves with critical technologies ||| Cybersecurity frameworks (NIST CSF, Essential Eight, ISO 27001) --MITIGATES--> SMBs not knowing where to start in the implementation of cybersecurity ||| NIST CSF --RELATED_TO--> Most known cybersecurity framework among SMB respondents (32%)",8.14105772972107,ok
graph_llama,Q12,"According to the ISM, what action should system owners take after a system is defined and controls are selected but before it is granted authorization to operate?","System owners should implement controls for the system and its operating environment, and the details of their actual implementation should be documented in the system’s system security plan annex.","Australian Small Businesses should implement multi-factor authentication (MFA), software updating, and data backups as they REQUIRES these measures for their operations. However, due to lack of time, resources, and expertise, lack of funds, and lack of knowledge on where to begin, implementing these measures can be challenging. The Australian Cyber Security Centre recommends MFA as a basic security measure. I do not have enough information to provide specific guidance on how to overcome these challenges.","Australian Small Businesses should implement multi-factor authentication (MFA), software updating, and data backups as they REQUIRES these measures for their operations. However, due to lack of time, resources, and expertise, lack of funds, and lack of knowledge on where to begin, implementing these measures can be challenging. The Australian Cyber Security Centre recommends MFA as a basic security measure. I do not have enough information to provide specific guidance on how to overcome these challenges.","Australian Small Businesses (SMBs) --REQUIRES--> Multi-factor authentication (MFA) ||| Australian Small Businesses (SMBs) --REQUIRES--> Software updating ||| Australian Small Businesses (SMBs) --REQUIRES--> Data backups ||| Australian Small Businesses (SMBs) --RELATED_TO--> Lack of time, resources and expertise ||| Australian Small Businesses (SMBs) --RELATED_TO--> Lack of funds ||| Australian Small Businesses (SMBs) --RELATED_TO--> Lack of knowledge on where to start ||| Multi-factor authentication (MFA) --MITIGATES--> Cyber criminals accessing online accounts and applications ||| Multi-factor authentication (MFA) --RELATED_TO--> Recommended basic security measure (by ACSC) ||| Data backups --RELATED_TO--> Lack of periodic testing ||| Small businesses --APPLIES_TO--> Maturity Level One of the Essential Eight",7.462950229644775,ok
graph_llama,Q13,What is the importance of having an IT asset inventory in a business?,"Maintaining an IT asset inventory facilitates efficient tracking and awareness of the technology endpoints present in the business, and its absence hinders efficient management and protection of resources [291, 1-s2.0-S0167404824003316-main.pdf].","Having an IT asset inventory is important because it helps with understanding and prioritizing critical assets, systems, which is required by the NIST Cybersecurity Framework's Identify Function (CSF). This function requires identifying and categorizing assets based on their value and risk. By doing so, businesses can better protect themselves against cyber threats. I do not have enough information to provide further details.","Having an IT asset inventory is important because it helps with understanding and prioritizing critical assets, systems, which is required by the NIST Cybersecurity Framework's Identify Function (CSF). This function requires identifying and categorizing assets based on their value and risk. By doing so, businesses can better protect themselves against cyber threats. I do not have enough information to provide further details.","NIST Identify Function (CSF) --REQUIRES--> Understanding and prioritising critical assets, systems, and data",7.880288124084473,ok
graph_llama,Q14,"What are the risks associated with outsourcing cloud services, according to the Information Security Manual (ISM)?",Outsourced cloud services may be located offshore and subject to lawful and covert data collection without their customers’ knowledge.,"I do not have enoughinformation from the knowledge graph toanswer this question. Small business directors are RESPONSIBLE_FOR oversight of cyber security risks as part of their fiduciary duties. SMEs REQUIRES investment in dedicated IT support oroutsourcing. Cyber supply chain risk management activities REQUIRES identifying jurisdictional, governance,privacy and security risks.","I do not have enoughinformation from the knowledge graph toanswer this question. Small business directors are RESPONSIBLE_FOR oversight of cyber security risks as part of their fiduciary duties. SMEs REQUIRES investment in dedicated IT support oroutsourcing. Cyber supply chain risk management activities REQUIRES identifying jurisdictional, governance,privacy and security risks.","SME Director --RESPONSIBLE_FOR--> Oversight of cyber security risks ||| Australian SMBs --RELATED_TO--> Knowledge of cyber security risks is low ||| Case studies (in advice) --CAUSES--> Better assess cyber risks and prioritise practices ||| Phishing --RELATED_TO--> Malware/Ransomware (common understood risks) ||| Cyber Wardens Program --MITIGATES--> Cyber security risks and threats ||| Australian Government --RESPONSIBLE_FOR--> Developing framework for assessing national security risks of vendor products ||| Cyber supply chain risk management activities --REQUIRES--> Identifying jurisdictional, governance, privacy and security risks ||| Malware, Phishing, and Ransomware --RELATED_TO--> Most commonly understood cyber security risks (by SMBs) ||| SMEs --REQUIRES--> Investment in dedicated IT support or outsourcing ||| Small business directors --RESPONSIBLE_FOR--> Oversight of cyber security risks (as part of fiduciary duties)",6.776634693145752,ok
graph_llama,Q15,What measure does the ACSC recommend staff take when receiving payment requests or bank detail changes via email?,"The most effective mitigation measure is to call the sender using independently verified contact details to confirm the request is legitimate, and not to use the contact details sent in the potentially fraudulent email.","I do not have enough knowledge to answer this question. (If you want an answer, please provide more context or details.) 

However, if I had to choose between two possible answers based on the given facts, here is one option:

Australian small businesses should use multi-factor authentication as a recommended basic security measure according to the ACSC. This would help prevent unauthorized access to their systems and protect against potential phishing attacks that may lead to ransomware incidents. Ransomware incidents require reporting to the ACSC, which further emphasizes the importance of implementing robust security measures like MFA.","I do not have enough knowledge to answer this question. (If you want an answer, please provide more context or details.)",Multi-factor authentication (MFA) --RELATED_TO--> Recommended basic security measure (by ACSC) ||| Small businesses --REQUIRES--> Reading ACSC resources on website security ||| Ransomware incidents --REQUIRES--> Reporting to the ACSC ||| Ransomware incidents --REQUIRES--> Reporting to the ACSC ||| SMBs --RELATED_TO--> Less likely to implement cyber security measures ||| Australian Privacy Principle 11 (APP 11) --REQUIRES--> Active measures to ensure the security of personal information ||| Australian Privacy Principle 11 (APP 11) --REQUIRES--> Take active measures to ensure the security of personal information ||| Antivirus software --RELATED_TO--> ACSC advice on alternative products and options ||| ASD --RELATED_TO--> Australian Cyber Security Centre (ACSC) ||| SMEs --RELATED_TO--> Prioritise business growth over security measures,7.900148391723633,ok
graph_llama,Q16,What two key components make up the Adaptive Positive and Negative weight Comparison Decoding (PNCD) strategy?,"The PNCD strategy consists of a penalty factor designed to reduce the negative impact of non-expert context, and a dynamic uncertainty enhancement factor designed to enhance the positive contribution of expert context.",I do not have enough information to answer this question. The Australian Government is responsible for co-designing supply chain principles with decision makers and suppliers. These principles are intended for use by both decision makers and suppliers.,,Australian Government --RESPONSIBLE_FOR--> Co-designing supply chain principles for decision makers and suppliers,4.6499669551849365,ok
graph_llama,Q17,What problem does the PNCD framework aim to address in the medical domain for LLMs?,"The PNCD framework focuses on the problem of hallucination under the influence of noisy text environments for LLMs, and investigates the model's ability to cope with hallucination and complex text processing.","Australian Small Businesses face challenges due to lack of time, resources, and expertise, as well as lack of funds and knowledge on where to start with cybersecurity measures. To mitigate cyber threats, they should implement multi-factor authentication, software updates, and data backups, which are recommended by the ACSC as basic security measures. These measures can help protect against cyber criminals accessing online accounts and ensure business continuity despite potential disruptions. I do not have enough information to determine if the PNCD framework aims to address these issues specifically in the medical domain for Large Language Models (LLMs).","Australian Small Businesses face challenges due to lack of time, resources, and expertise, as well as lack of funds and knowledge on where to start with cybersecurity measures. To mitigate cyber threats, they should implement multi-factor authentication, software updates, and data backups, which are recommended by the ACSC as basic security measures. These measures can help protect against cyber criminals accessing online accounts and ensure business continuity despite potential disruptions. I do not have enough information to determine if the PNCD framework aims to address these issues specifically in the medical domain for Large Language Models (LLMs).","Australian Small Businesses (SMBs) --REQUIRES--> Multi-factor authentication (MFA) ||| Australian Small Businesses (SMBs) --REQUIRES--> Software updating ||| Australian Small Businesses (SMBs) --REQUIRES--> Data backups ||| Australian Small Businesses (SMBs) --RELATED_TO--> Lack of time, resources and expertise ||| Australian Small Businesses (SMBs) --RELATED_TO--> Lack of funds ||| Australian Small Businesses (SMBs) --RELATED_TO--> Lack of knowledge on where to start ||| Multi-factor authentication (MFA) --MITIGATES--> Cyber criminals accessing online accounts and applications ||| Multi-factor authentication (MFA) --RELATED_TO--> Recommended basic security measure (by ACSC) ||| Data backups --RELATED_TO--> Lack of periodic testing ||| Small businesses --APPLIES_TO--> Maturity Level One of the Essential Eight",8.500287771224976,ok
graph_llama,Q18,"What AI model was identified as the most potent for formulating cyber security policies for SMEs, according to one source?",The GPT-4 model was identified as the most potent AI model for formulating cyber security policies for SMEs [2306.02612v1 (1).pdf].,"I do not have enough information to answer this question. The most commonly understood cyber security risks by SMBs are Malware, Phishing and Ransomware. SMBs that experienced cyber attacks were related to phishing, which is the most prevalent type. External attackers (cybercriminals) are the most likely threat actor to attack business.",,"ASD’s ACSC Small Business Cyber Security Guide --RELATED_TO--> ASD’s Essential Eight maturity model ||| ASD’s ACSC Small Business Cyber Security Guide --RELATED_TO--> ASD’s Essential Eight maturity model ||| Cyber Security Handbook --RELATED_TO--> ASD’s Essential Eight maturity model ||| Operating system --REQUIRES--> Updated regularly to ensure most secure version ||| Malware, Phishing, and Ransomware --RELATED_TO--> Most commonly understood cyber security risks (by SMBs) ||| Cyber security is a public good --LEADS_TO--> Enforcement by those most capable of managing it ||| SMBs that experienced cyber-attacks --RELATED_TO--> Phishing (most prevalent type) ||| External attackers (cyber criminals) --RELATED_TO--> Most likely threat actor to attack businesses ||| NIST CSF --RELATED_TO--> Most known cybersecurity framework among SMB respondents (32%) ||| SMBs --RELATED_TO--> Google search (most commonly mentioned source)",6.774201393127441,ok
graph_llama,Q19,What is the purpose of the RAG framework within the PNCD decoding strategy?,"RAG technology is the core mechanism supporting the collaborative work between expert and non-expert LLMs, constructing authoritative knowledge bases and adversarial noise bases via retrieval.","I do not have enoughinformation from the knowledge graph toanswer this question. Australian small businesses lack familiarity with relevant regulations andframeworks, and they are responsible for adopting cybersecurity frameworks such as the NIST CSF, EssentialEight, and ISO 27001. The ASD's Essential Eight is related to the Protective Security PolicyFramework (PSPF) and mitigates the voluntary provision of information being used forregulatory purposes. 17% of SMB respondents did not know about any cybersecurityframeworks.","I do not have enoughinformation from the knowledge graph toanswer this question. Australian small businesses lack familiarity with relevant regulations andframeworks, and they are responsible for adopting cybersecurity frameworks such as the NIST CSF, EssentialEight, and ISO 27001. The ASD's Essential Eight is related to the Protective Security PolicyFramework (PSPF) and mitigates the voluntary provision of information being used forregulatory purposes. 17% of SMB respondents did not know about any cybersecurityframeworks.","Australian Government --RESPONSIBLE_FOR--> Developing framework for assessing national security risks of vendor products ||| 1-10-60 Rule --REQUIRES--> Detect malicious cyber activity within one minute ||| ASD’s Essential Eight --RELATED_TO--> Protective Security Policy Framework (PSPF) ||| SMBs --RELATED_TO--> Lack of familiarity with relevant regulations and frameworks ||| SMBs --RELATED_TO--> Lack of familiarity with relevant regulations and frameworks ||| ASD’s limited use obligation --MITIGATES--> Voluntarily provided information being used for regulatory purposes ||| NIST CSF --RELATED_TO--> Most known cybersecurity framework among SMB respondents (32%) ||| 17% of SMBs --RELATED_TO--> Did not know about any cybersecurity frameworks ||| SMBs --RESPONSIBLE_FOR--> Adopting cybersecurity frameworks (NIST CSF, Essential Eight, ISO 27001) ||| ASD Essential Eight --RELATED_TO--> NIST CSF and ISO 27001 (as popular frameworks)",7.901286840438843,ok
graph_llama,Q20,What are the three principal optimization paradigms established for LLM refinement?,"The three principal optimization paradigms for LLM refinement are Parameter-efficient fine-tuning (e.g., P-tuning and LoRA), Knowledge enhancement strategies (e.g., RAG and knowledge distillation), and Prompt engineering.","I do not have enough information to answer this question. The Cyber Wardens program is related to training 50,000 Cyber wardens across Australia over the last three years. There is no information provided on optimization paradigms for LLM refinement. The only fact given is about the Cyber Wardens program and its goal.",,"Cyber Wardens program --RELATED_TO--> Train 50,000 Cyber Wardens across Australia over the next three years",6.747704982757568,ok
graph_llama,Q21,What is the main finding regarding cyber threat perception among SMBs in the Western Australia study?,"Factors such as organizational size, industry sector, and revenue level did not significantly impact SMBs’ perception of vulnerability to cyber threats.","I do not have enoughinformation from the knowledge graph toanswer this question. Employees and owners (SMBs) --RELATED_TO---> Main actors within the criticalsteps in recognizing, responding toand recovering from cyber-attack. LLMs --RELATED_TOT--> Concernsregarding data privacy and ethics. I do not haveenough information from the knowledgegraph to answer this question.","I do not have enoughinformation from the knowledge graph toanswer this question. Employees and owners (SMBs) --RELATED_TO---> Main actors within the criticalsteps in recognizing, responding toand recovering from cyber-attack. LLMs --RELATED_TOT--> Concernsregarding data privacy and ethics. I do not haveenough information from the knowledgegraph to answer this question.","LLMs --RELATED_TO--> Concerns regarding data privacy and ethics ||| Employees and owners (SMEs) --RELATED_TO--> Main actors within the critical steps in recognizing, responding to and recovering from cyber-attack",7.86930251121521,ok
graph_llama,Q22,"What is Ransomware, and how does it usually demand payment?","Ransomware is a common and dangerous type of malware that locks up or encrypts files, demanding a ransom, usually in the form of cryptocurrency, to restore access.","Ransomware is related to phishing and malware. It requires a ransomware playbook for cyber extortion, which demands payment. The 'no-fault' and 'no-liability' protection principles cause major impact on businesses' confidence to report ransomware incident. Automation of backups leads to quicker recovery after ransomware cyber incident.","Ransomware is related to phishing and malware. It requires a ransomware playbook for cyber extortion, which demands payment. The 'no-fault' and 'no-liability' protection principles cause major impact on businesses' confidence to report ransomware incident. Automation of backups leads to quicker recovery after ransomware cyber incident.",Phishing --RELATED_TO--> Malware/Ransomware (common understood risks) ||| ‘No-fault’ and ‘no-liability’ protection principles --CAUSES--> Major impact on businesses’ confidence to report ransomware incidents ||| Cyber extortion --REQUIRES--> Ransomware playbook (guidance on preparation and response) ||| Automation of backups --LEADS_TO--> Quicker recovery after ransomware cyber incidents,6.755079746246338,ok
graph_llama,Q23,What specific information does Engineers Australia suggest should be reported regarding ransomware incidents?,"Engineers Australia supports reporting the scope of the attack, the timeframe under which it happened, the entry point, the type of attack, and what data was targeted.",I do not have enoughinformation from the knowledge graph toanswer this question. Australian Small Businesses (SMEs) --REQUIRES---> Data backups and Software updating. Cybercriminals --TARGET--> Australian Small Businesses (SMBS). Cyber security incident --LEADSTO--> Devastating impacts.,I do not have enoughinformation from the knowledge graph toanswer this question. Australian Small Businesses (SMEs) --REQUIRES---> Data backups and Software updating. Cybercriminals --TARGET--> Australian Small Businesses (SMBS). Cyber security incident --LEADSTO--> Devastating impacts.,Cybercriminals --TARGETS--> Australian Small Businesses (SMBs) ||| Australian Small Businesses (SMBs) --REQUIRES--> Multi-factor authentication (MFA) ||| Australian Small Businesses (SMBs) --REQUIRES--> Software updating ||| Australian Small Businesses (SMBs) --REQUIRES--> Data backups ||| Cybercriminals --TARGETS--> Small businesses ||| Email attacks --TARGETS--> Small businesses ||| ACSC Partnership Program --RELATED_TO--> Small businesses ||| Small businesses --APPLIES_TO--> Maturity Level One of the Essential Eight ||| Cyber security incident --LEADS_TO--> Devastating impacts ||| NAS or other servers --TARGETS--> Cybercriminals,7.9853949546813965,ok
graph_llama,Q24,What are the typical barriers that small businesses face when trying to improve their cyber security culture?,"Barriers include not knowing where to begin, feeling intimidated by technical jargon, overwhelmed by not knowing what steps to take, and doubting that they have the time, resources, or digital literacy.","The revision of the 2020 Australian Cyber Security Strategy specifically considers barriers to small businesses improving their cyber security. However, I do not have enough information to identify what those specific barriers are. The strategy only mentions considering them without providing further details. I do not have enough specific information from the knowledge graph about Australian small business barriers to cyber security improvement.","The revision of the 2020 Australian Cyber Security Strategy specifically considers barriers to small businesses improving their cyber security. However, I do not have enough information to identify what those specific barriers are. The strategy only mentions considering them without providing further details. I do not have enough specific information from the knowledge graph about Australian small business barriers to cyber security improvement.",Revision of the 2020 Cyber Security Strategy --REQUIRES--> Specifically consider barriers to small businesses improving cyber security,6.748533248901367,ok
graph_llama,Q25,What mitigating measure can be taken to prevent staff from neglecting to collect printed sensitive documents from Multifunction Devices (MFDs)?,"MFDs should implement authentication measures that are of the same strength as used for other devices on the same network, such as requiring multi-factor authentication if user workstations require it.","Australian small businesses should take active measures to ensure the secure collection of printed sensitive documents from MFDs as required by APP 11. Implementing multi-factor authentication (MFA), which is a recommended basic security measure, could help mitigate potential risks. However, I do not have enough information to determine if MFA would specifically address the issue of collecting printed documents. The ASD Essential Eight may provide a useful benchmark for measuring the overall cybersecurity posture but does not directly relate to this specific scenario.","Australian small businesses should take active measures to ensure the secure collection of printed sensitive documents from MFDs as required by APP 11. Implementing multi-factor authentication (MFA), which is a recommended basic security measure, could help mitigate potential risks. However, I do not have enough information to determine if MFA would specifically address the issue of collecting printed documents. The ASD Essential Eight may provide a useful benchmark for measuring the overall cybersecurity posture but does not directly relate to this specific scenario.",SMBs --RELATED_TO--> Less likely to implement cyber security measures ||| Australian Privacy Principle 11 (APP 11) --REQUIRES--> Active measures to ensure the security of personal information ||| Australian Privacy Principle 11 (APP 11) --REQUIRES--> Take active measures to ensure the security of personal information ||| Micro sized enterprises --RELATED_TO--> Higher levels of data leakage prevention (compared to small and medium enterprises) ||| Sensitive data (in SMEs) --RELATED_TO--> Freely accessible due to no encryption or access control measures ||| SMEs --RELATED_TO--> Prioritise business growth over security measures ||| Multi-factor authentication (MFA) --RELATED_TO--> Recommended basic security measure (by ACSC) ||| ASD Essential Eight --RELATED_TO--> A useful benchmark to measure the cyber security posture,8.120818853378296,ok
graph_llama,Q26,What key vulnerability arises when small businesses rely heavily on outsourced IT arrangements for cybersecurity?,Outsourcing may lead to gaps in the owner’s cyber security knowledge about which security measures are actually being implemented to protect their business.,"Small businesses that rely heavily on the security of platforms they use may underestimate their vulnerability to cyber threats due to lack of competence in their employees, which can lead to increased susceptibility to social engineering attacks like phishings. This is because only 35% of small business owners/CEOs feel vulnerable despite being related to underestimating their vulnerability. The reliance on secure-by-design platforms does not mitigate the risk as AI, ML, and LLMS actually increase the vulnerability of Australian SMEs. I do not have enough information to determine what specific key vulnerability arises when small business rely heavily on outsourced it arrangements for cybersecurity.","Small businesses that rely heavily on the security of platforms they use may underestimate their vulnerability to cyber threats due to lack of competence in their employees, which can lead to increased susceptibility to social engineering attacks like phishings. This is because only 35% of small business owners/CEOs feel vulnerable despite being related to underestimating their vulnerability. The reliance on secure-by-design platforms does not mitigate the risk as AI, ML, and LLMS actually increase the vulnerability of Australian SMEs. I do not have enough information to determine what specific key vulnerability arises when small business rely heavily on outsourced it arrangements for cybersecurity.","AI, ML, and LLMs --MITIGATES--> Increased vulnerability of Australian SMEs to cyber threats ||| AI/ML/LLMs --MITIGATES--> Increased vulnerability of Australian SMEs to cyber threats ||| Small business owners/CEOs and employees --RELATED_TO--> Underestimate their vulnerability (only 35% feel vulnerable) ||| Small businesses --RELATED_TO--> Rely heavily on security of platforms they use (assuming ‘secure-by-design’) ||| Lack of competence (in employees) --CAUSES--> Vulnerability to social engineering attacks like phishing",6.759422063827515,ok
graph_llama,Q27,What should small businesses do with their devices before selling or disposing of them?,"Devices should be reset, likely through a factory reset, before selling or disposing of business devices.","Small businesses should ensure that their devices undergo regular scans as required by security software. This is because cybercriminals target devices and services in networks, including backup devices which ransomware and viruses target. Additionally, only necessary user access should be granted to prevent unauthorized access. I do not have enough information to provide specific guidance on device disposal.","Small businesses should ensure that their devices undergo regular scans as required by security software. This is because cybercriminals target devices and services in networks, including backup devices which ransomware and viruses target. Additionally, only necessary user access should be granted to prevent unauthorized access. I do not have enough information to provide specific guidance on device disposal.",Security software --REQUIRES--> Regular scans on your devices ||| Cybercriminals --TARGETS--> Devices and services in your network ||| User access --REQUIRES--> Only what they need for their role ||| Ransomware/Viruses --TARGETS--> Backup devices ||| Government and large businesses --RESPONSIBLE_FOR--> Assisting small businesses to upgrade their cyber security ||| Voluntary Code of Practice: Securing the Internet of Things for Consumers --REQUIRES--> Cyber security features expected of internet-connected devices ||| Cyber insurers --RESPONSIBLE_FOR--> Help businesses understand how to improve their cybersecurity ||| Mandatory standards (Australia) --REQUIRES--> IoT devices supply chain protection ||| Small business owners/CEOs and employees --RELATED_TO--> Underestimate their vulnerability (only 35% feel vulnerable) ||| 94% of SMEs (surveyed in WA) --RELATED_TO--> Unprotected devices,7.888857364654541,ok
graph_llama,Q28,"Who is responsible for implementing the six-step risk management framework, including defining the system and selecting controls, for each system according to the ISM?",System owners are responsible for the implementation of the six-step risk management framework for each of their systems.,"I do not have enough knowledge about the ISM or who is responsible for implementing its six-step risk management framework. However, I can tell you that Australian Small Businesses (Smb) REQUIRES multi-factor authentication (mfa), software updating, and data backups as part of their cybersecurity measures. These requirements may help mitigate cyber threats such as cyber criminals accessing online accounts and application. Australian Small Businesses (SmbH) lack time, resources, and expertise, which may hinder their ability to implement these measures effectively.","I do not have enough knowledge about the ISM or who is responsible for implementing its six-step risk management framework. However, I can tell you that Australian Small Businesses (Smb) REQUIRES multi-factor authentication (mfa), software updating, and data backups as part of their cybersecurity measures. These requirements may help mitigate cyber threats such as cyber criminals accessing online accounts and application. Australian Small Businesses (SmbH) lack time, resources, and expertise, which may hinder their ability to implement these measures effectively.","Australian Small Businesses (SMBs) --REQUIRES--> Multi-factor authentication (MFA) ||| Australian Small Businesses (SMBs) --REQUIRES--> Software updating ||| Australian Small Businesses (SMBs) --REQUIRES--> Data backups ||| Australian Small Businesses (SMBs) --RELATED_TO--> Lack of time, resources and expertise ||| Australian Small Businesses (SMBs) --RELATED_TO--> Lack of funds ||| Australian Small Businesses (SMBs) --RELATED_TO--> Lack of knowledge on where to start ||| Multi-factor authentication (MFA) --MITIGATES--> Cyber criminals accessing online accounts and applications ||| Multi-factor authentication (MFA) --RELATED_TO--> Recommended basic security measure (by ACSC) ||| Data backups --RELATED_TO--> Lack of periodic testing ||| Small businesses --APPLIES_TO--> Maturity Level One of the Essential Eight",7.46147894859314,ok
graph_llama,Q29,Why is Multi-factor Authentication (MFA) prioritised for financial and email accounts in small businesses?,MFA is prioritised for financial and email accounts for maximum effect because it is one of the most effective ways to protect valuable information and accounts.,"Australian Small Businesses REQUIRES Multi-factor authentication (Mfa), which implies that MFA is prioritized for all types of sensitive accounts, including financial and email accounts. This requirement ensures that even if an attacker gains access to login credentials, they will still need additional verification to access these critical services. Therefore, MFA is prioritized to prevent unauthorized access to sensitive data and systems. I do not have enough knowledge to answer this question.","Australian Small Businesses REQUIRES Multi-factor authentication (Mfa), which implies that MFA is prioritized for all types of sensitive accounts, including financial and email accounts. This requirement ensures that even if an attacker gains access to login credentials, they will still need additional verification to access these critical services. Therefore, MFA is prioritized to prevent unauthorized access to sensitive data and systems. I do not have enough knowledge to answer this question.",Australian Small Businesses (SMBs) --REQUIRES--> Multi-factor authentication (MFA) ||| Administrative accounts (servers/NAS) --REQUIRES--> Strong passphrase or multi-factor authentication ||| Business devices (before disposal) --REQUIRES--> Perform a factory reset ||| Ransomware --REQUIRES--> Require multi-factor authentication to access services,7.894523859024048,ok
graph_llama,Q30,What should be done with at least one backup of important data to protect against natural disasters or theft?,"At least one backup should always be kept disconnected from the device, preferably at an offsite location, in case of natural disasters or theft.",I do not have enough knowledge from the provided facts to answer this question. I do not have enough info from the knowledge graph to address this specific scenario. I do not know how to use the given facts to provide an answer for protecting against natural disasters or theft. I do not understand how to apply the given facts to prevent data loss due to natural disasters or theft.,I do not have enough knowledge from the provided facts to answer this question. I do not have enough info from the knowledge graph to address this specific scenario. I do not know how to use the given facts to provide an answer for protecting against natural disasters or theft. I do not understand how to apply the given facts to prevent data loss due to natural disasters or theft.,SMEs (Australia and New Zealand) --TARGETS--> Cybercrime (at least once in every 10 minutes in Australia),6.75230598449707,ok
