pipeline,id,question,gold_answer,model_answer_raw,model_answer_clean,contexts,latency_sec,status,gold_clean,answer_clean,contexts_joined,meteor,faithfulness,hallucination_risk,answer_relevance,context_relevance,completeness_rougeL_recall,hallucination,irrelevance,completeness
graph_qwen,Q1,What are the three basic security measures the Small Business Cyber Security Guide recommends as a starting point for SMBs?,"The guide recommends turning on multi-factor authentication, updating software, and backing up information as basic security measures.","The Small Business Cyber Security Guide emphasizes implementing multi-factor authentication (MFA), which is recommended as a basic security measure by the ACSC. It also highlights the importance of adhering to Australian Privacy Principle 12 (APP 12) to ensure the security of sensitive data through appropriate safeguards. Additionally, the guide suggests training employees via programs like the Cyber Wardens initiative to enhance overall cybersecurity awareness and preparedness. I do not have enough信息 from the knowledge graph toanswer this question.","The Small Business Cyber Security Guide emphasizes implementing multi-factor authentication (MFA), which is recommended as a basic security measure by the ACSC. It also highlights the importance of adhering to Australian Privacy Principle 12 (APP 12) to ensure the security of sensitive data through appropriate safeguards. Additionally, the guide suggests training employees via programs like the Cyber Wardens initiative to enhance overall cybersecurity awareness and preparedness. I do not have enough信息 from the knowledge graph toanswer this question.","SMBs --RELATED_TO--> Less likely to implement cyber security measures ||| Australian Privacy Principle 11 (APP 11) --REQUIRES--> Active measures to ensure the security of personal information ||| Australian Privacy Principle 11 (APP 11) --REQUIRES--> Take active measures to ensure the security of personal information ||| Cyber Wardens program --RELATED_TO--> Train 50,000 Cyber Wardens across Australia over the next three years ||| Sensitive data (in SMEs) --RELATED_TO--> Freely accessible due to no encryption or access control measures ||| SMEs --RELATED_TO--> Prioritise business growth over security measures ||| Multi-factor authentication (MFA) --RELATED_TO--> Recommended basic security measure (by ACSC)",10.88793921470642,ok,"The guide recommends turning on multi-factor authentication, updating software, and backing up information as basic security measures.","The Small Business Cyber Security Guide emphasizes implementing multi-factor authentication (MFA), which is recommended as a basic security measure by the ACSC. It also highlights the importance of adhering to Australian Privacy Principle 12 (APP 12) to ensure the security of sensitive data through appropriate safeguards. Additionally, the guide suggests training employees via programs like the Cyber Wardens initiative to enhance overall cybersecurity awareness and preparedness. I do not have enough信息 from the knowledge graph toanswer this question.","SMBs --RELATED_TO--> Less likely to implement cyber security measures Australian Privacy Principle 11 (APP 11) --REQUIRES--> Active measures to ensure the security of personal information Australian Privacy Principle 11 (APP 11) --REQUIRES--> Take active measures to ensure the security of personal information Cyber Wardens program --RELATED_TO--> Train 50,000 Cyber Wardens across Australia over the next three years Sensitive data (in SMEs) --RELATED_TO--> Freely accessible due to no encryption or access control measures SMEs --RELATED_TO--> Prioritise business growth over security measures Multi-factor authentication (MFA) --RELATED_TO--> Recommended basic security measure (by ACSC)",0.0,0.0058738067746162415,0.0020902869291603565,0.9958737102600685,0.8641753446301397,0.5,0.0020902869291603565,0.004126289739931455,0.5
graph_qwen,Q2,Which Australian government agency provides advice and has a 24/7 hotline for cyber security support?,"The Australian Cyber Security Centre (ACSC) provides advice and support, including through a 24/7 hotline.","The Cyber Incident Review Board (CI RB) is responsible for issuing advice to government and industry to prevent recurring incidents, but there is no specific mention of a 24/ 7 hotline in the provided facts. I do not have enough information to confirm which agency provides a 24/ seven hotline for cybersecurity support based solely on the given facts. Okay, let me try to figure out how to approach this. The user is asking which Australian government agency provides advice with a 24/6 hotline for cybersecurity support.","The Cyber Incident Review Board (CI RB) is responsible for issuing advice to government and industry to prevent recurring incidents, but there is no specific mention of a 24/ 7 hotline in the provided facts. I do not have enough information to confirm which agency provides a 24/ seven hotline for cybersecurity support based solely on the given facts. Okay, let me try to figure out how to approach this. The user is asking which Australian government agency provides advice with a 24/6 hotline for cybersecurity support.",ASD’s Essential Eight mitigation strategies --MITIGATES--> Risk of compromise (government systems) ||| Highly sophisticated nation states and state-sponsored actors --TARGETS--> Governments and critical infrastructure providers ||| ASD’s Essential Eight --APPLIES_TO--> Australian Government agencies ||| ASD Essential Eight --REQUIRES--> Uplift of government systems ||| Cyber Incident Review Board (CIRB) --RESPONSIBLE_FOR--> Issuing advice to government and industry on how to avoid recurrence of incidents ||| Ransomware business model --REQUIRES--> Disruption by Australian Government ||| Foreign owned suppliers operating in Australia --RELATED_TO--> Subject to a foreign government’s lawful access to data ||| ASD’s Essential Eight --RELATED_TO--> Australian Government Information Security Manual ||| ASD’s Essential Eight --RELATED_TO--> Zero trust (whole-of-government culture) ||| Cyber Incident Management Arrangements --REQUIRES--> Formally recognising businesses in government's incident response playbook,8.857695579528809,ok,"The Australian Cyber Security Centre (ACSC) provides advice and support, including through a 24/7 hotline.","The Cyber Incident Review Board (CI RB) is responsible for issuing advice to government and industry to prevent recurring incidents, but there is no specific mention of a 24/ 7 hotline in the provided facts. I do not have enough information to confirm which agency provides a 24/ seven hotline for cybersecurity support based solely on the given facts. Okay, let me try to figure out how to approach this. The user is asking which Australian government agency provides advice with a 24/6 hotline for cybersecurity support.",ASD’s Essential Eight mitigation strategies --MITIGATES--> Risk of compromise (government systems) Highly sophisticated nation states and state-sponsored actors --TARGETS--> Governments and critical infrastructure providers ASD’s Essential Eight --APPLIES_TO--> Australian Government agencies ASD Essential Eight --REQUIRES--> Uplift of government systems Cyber Incident Review Board (CIRB) --RESPONSIBLE_FOR--> Issuing advice to government and industry on how to avoid recurrence of incidents Ransomware business model --REQUIRES--> Disruption by Australian Government Foreign owned suppliers operating in Australia --RELATED_TO--> Subject to a foreign government’s lawful access to data ASD’s Essential Eight --RELATED_TO--> Australian Government Information Security Manual ASD’s Essential Eight --RELATED_TO--> Zero trust (whole-of-government culture) Cyber Incident Management Arrangements --REQUIRES--> Formally recognising businesses in government's incident response playbook,0.0,0.7413303256034851,0.03782709687948227,0.9998506801919961,0.41677074514384166,0.5,0.03782709687948227,0.00014931980800392264,0.5
graph_qwen,Q3,"What types of scams do cybercriminals use to target small businesses, and what are the goals of these scams?","Cybercriminals use email, text messages, phone calls, and social media scams, often pretending to be a trusted person or organization. Their goal is to scam staff into sending money/gift cards, clicking malicious links, or giving away sensitive information like passwords.","Cybercriminals often target small businesses through scams such as phishing, ransomware, and business email compromise, aiming to steal sensitive data, disrupt operations, or extort money. These attacks exploit vulnerabilities in weak cybersecurity measures, particularly affecting micro-sized enterprises that lack robust defenses. The primary goal is to gain unauthorized access to business data, which can lead to financial loss, reputational damage, and legal consequences for the targeted organizations. I do not have enough信息 from the knowledge graph toanswer this question.","Cybercriminals often target small businesses through scams such as phishing, ransomware, and business email compromise, aiming to steal sensitive data, disrupt operations, or extort money. These attacks exploit vulnerabilities in weak cybersecurity measures, particularly affecting micro-sized enterprises that lack robust defenses. The primary goal is to gain unauthorized access to business data, which can lead to financial loss, reputational damage, and legal consequences for the targeted organizations. I do not have enough信息 from the knowledge graph toanswer this question.",NAS or other servers --TARGETS--> Cybercriminals ||| Data breaches --RELATED_TO--> Cybercriminals targeting business data ||| Business data --REQUIRES--> Protection from cybercriminals ||| Micro sized enterprises --RELATED_TO--> Especially vulnerable to highly adaptable and cunning cybercriminals,9.062706232070925,ok,"Cybercriminals use email, text messages, phone calls, and social media scams, often pretending to be a trusted person or organization. Their goal is to scam staff into sending money/gift cards, clicking malicious links, or giving away sensitive information like passwords.","Cybercriminals often target small businesses through scams such as phishing, ransomware, and business email compromise, aiming to steal sensitive data, disrupt operations, or extort money. These attacks exploit vulnerabilities in weak cybersecurity measures, particularly affecting micro-sized enterprises that lack robust defenses. The primary goal is to gain unauthorized access to business data, which can lead to financial loss, reputational damage, and legal consequences for the targeted organizations. I do not have enough信息 from the knowledge graph toanswer this question.",NAS or other servers --TARGETS--> Cybercriminals Data breaches --RELATED_TO--> Cybercriminals targeting business data Business data --REQUIRES--> Protection from cybercriminals Micro sized enterprises --RELATED_TO--> Especially vulnerable to highly adaptable and cunning cybercriminals,0.0,0.001134921214543283,0.002916737925261259,0.9998956818761141,0.610979513745348,0.17073170731707318,0.002916737925261259,0.00010431812388589368,0.17073170731707318
graph_qwen,Q4,What critical challenge did the Western Australia study identify as the biggest hindrance to cybersecurity for SMBs?,"The biggest hindrance to cybersecurity found by the study was the lack of funds, coupled with a lack of knowledge on where to start implementing good security practices.","The study identified that the lack of clear, prescriptive guidelines hinders cybersecurity efforts for SMBs in Western Australia, as non-prescriptive mandates cause cybersecurity to evolve alongside critical technologies, making it difficult for smaller businesses to keep up with necessary protections. Additionally, the reliance on employees and owners to recognize and respond to cyber threats adds complexity, especially when resources are limited. The SOCI Act's focus on critical infrastructure may leave SMBs without specific regulatory support, increasing their vulnerability to attacks targeting essential services. I do not have enough信息 from the knowledge graph toanswer this question.","The study identified that the lack of clear, prescriptive guidelines hinders cybersecurity efforts for SMBs in Western Australia, as non-prescriptive mandates cause cybersecurity to evolve alongside critical technologies, making it difficult for smaller businesses to keep up with necessary protections. Additionally, the reliance on employees and owners to recognize and respond to cyber threats adds complexity, especially when resources are limited. The SOCI Act's focus on critical infrastructure may leave SMBs without specific regulatory support, increasing their vulnerability to attacks targeting essential services. I do not have enough信息 from the knowledge graph toanswer this question.","Malicious state actors and cybercriminals --TARGETS--> Critical services like telecommunication networks and health systems ||| Highly sophisticated nation states and state-sponsored actors --TARGETS--> Governments and critical infrastructure providers ||| Non-prescriptive mandates --CAUSES--> Cybersecurity evolves with critical technologies ||| Security of Critical Infrastructure Act 2018 (SOCI Act) --APPLIES_TO--> Critical infrastructure regulation ||| NIST Identify Function (CSF) --REQUIRES--> Understanding and prioritising critical assets, systems, and data ||| Cyber security threats --LEADS_TO--> Threatening SMEs' existence, profitability, and critical contributions to the economy ||| SMBs (Western Australia) --LOCATED_IN--> Western Australia (WA) ||| Employees and owners (SMEs) --RELATED_TO--> Main actors within the critical steps in recognizing, responding to and recovering from cyber-attack",8.854867219924927,ok,"The biggest hindrance to cybersecurity found by the study was the lack of funds, coupled with a lack of knowledge on where to start implementing good security practices.","The study identified that the lack of clear, prescriptive guidelines hinders cybersecurity efforts for SMBs in Western Australia, as non-prescriptive mandates cause cybersecurity to evolve alongside critical technologies, making it difficult for smaller businesses to keep up with necessary protections. Additionally, the reliance on employees and owners to recognize and respond to cyber threats adds complexity, especially when resources are limited. The SOCI Act's focus on critical infrastructure may leave SMBs without specific regulatory support, increasing their vulnerability to attacks targeting essential services. I do not have enough信息 from the knowledge graph toanswer this question.","Malicious state actors and cybercriminals --TARGETS--> Critical services like telecommunication networks and health systems Highly sophisticated nation states and state-sponsored actors --TARGETS--> Governments and critical infrastructure providers Non-prescriptive mandates --CAUSES--> Cybersecurity evolves with critical technologies Security of Critical Infrastructure Act 2018 (SOCI Act) --APPLIES_TO--> Critical infrastructure regulation NIST Identify Function (CSF) --REQUIRES--> Understanding and prioritising critical assets, systems, and data Cyber security threats --LEADS_TO--> Threatening SMEs' existence, profitability, and critical contributions to the economy SMBs (Western Australia) --LOCATED_IN--> Western Australia (WA) Employees and owners (SMEs) --RELATED_TO--> Main actors within the critical steps in recognizing, responding to and recovering from cyber-attack",0.0,0.000990938046015799,0.0011767590185627341,0.9993833655636097,0.7365282012104934,0.2857142857142857,0.0011767590185627341,0.000616634436390262,0.2857142857142857
graph_qwen,Q5,What is the purpose of the Notifiable Data Breaches (NDB) legislation regarding reporting obligations for organizations?,The NDB legislation requires an organization to notify affected individuals and the Office of the Australian Information Commissioner (OAIC) as soon as practicable of a material data breach.,"The Notifiable Data Breaches scheme requires organizations to notify affected individuals and the Office of the Australian Information Commissioner (OAIC) of a material data breach, ensuring transparency and accountability in handling personal data incidents. This obligation applies when a breach involves unauthorized access, disclosure, or loss of personal information that could cause serious harm. The reporting process helps mitigate risks and allows regulatory oversight to enforce compliance with privacy laws. I do not have enough信息 from the knowledge graph to 答案 this question.","The Notifiable Data Breaches scheme requires organizations to notify affected individuals and the Office of the Australian Information Commissioner (OAIC) of a material data breach, ensuring transparency and accountability in handling personal data incidents. This obligation applies when a breach involves unauthorized access, disclosure, or loss of personal information that could cause serious harm. The reporting process helps mitigate risks and allows regulatory oversight to enforce compliance with privacy laws. I do not have enough信息 from the knowledge graph to 答案 this question.","Australian Small Businesses (SMBs) --REQUIRES--> Data backups ||| Data stocktake --REQUIRES--> Visibility of the key data (customer, supplier, employee) ||| Ransomware --REQUIRES--> Regularly backup important data ||| Backups --REQUIRES--> Testing regularly by attempting to restore data ||| NDB scheme --REQUIRES--> Notify affected individuals and the OAIC of a material data breach ||| Ransomware reporting for businesses (Proposed) --REQUIRES--> Information on attack scope, timeframe, entry point, type, and data targeted ||| NIST Identify Function (CSF) --REQUIRES--> Understanding and prioritising critical assets, systems, and data",10.047439098358154,ok,The NDB legislation requires an organization to notify affected individuals and the Office of the Australian Information Commissioner (OAIC) as soon as practicable of a material data breach.,"The Notifiable Data Breaches scheme requires organizations to notify affected individuals and the Office of the Australian Information Commissioner (OAIC) of a material data breach, ensuring transparency and accountability in handling personal data incidents. This obligation applies when a breach involves unauthorized access, disclosure, or loss of personal information that could cause serious harm. The reporting process helps mitigate risks and allows regulatory oversight to enforce compliance with privacy laws. I do not have enough信息 from the knowledge graph to 答案 this question.","Australian Small Businesses (SMBs) --REQUIRES--> Data backups Data stocktake --REQUIRES--> Visibility of the key data (customer, supplier, employee) Ransomware --REQUIRES--> Regularly backup important data Backups --REQUIRES--> Testing regularly by attempting to restore data NDB scheme --REQUIRES--> Notify affected individuals and the OAIC of a material data breach Ransomware reporting for businesses (Proposed) --REQUIRES--> Information on attack scope, timeframe, entry point, type, and data targeted NIST Identify Function (CSF) --REQUIRES--> Understanding and prioritising critical assets, systems, and data",0.0,0.0012762956321239471,0.000461561547126621,0.9987967031484161,0.03381077018280481,0.75,0.000461561547126621,0.0012032968515839348,0.75
graph_qwen,Q6,What is the role of MFA (Multi-factor authentication) in protecting online accounts for small businesses?,"MFA is one of the most effective ways to protect online accounts and applications from cyber criminals, acting as a two-step verification to verify a user’s identity.","MFA plays a crucial role in protecting online accounts for Australian small businesses by adding an extra layer of security beyond just passwords. It is required for administrative accounts and is also necessary for accessing services affected by ransomware, ensuring that even if a password is compromised, unauthorized access is prevented. Additionally, MFA is mandated for all small businesses to enhance overall account security. Wait, I think I mentioned ""all small businesses"" which isn't explicitly stated in the facts.","MFA plays a crucial role in protecting online accounts for Australian small businesses by adding an extra layer of security beyond just passwords. It is required for administrative accounts and is also necessary for accessing services affected by ransomware, ensuring that even if a password is compromised, unauthorized access is prevented. Additionally, MFA is mandated for all small businesses to enhance overall account security. Wait, I think I mentioned ""all small businesses"" which isn't explicitly stated in the facts.",Australian Small Businesses (SMBs) --REQUIRES--> Multi-factor authentication (MFA) ||| Administrative accounts (servers/NAS) --REQUIRES--> Strong passphrase or multi-factor authentication ||| User access --REQUIRES--> Only what they need for their role ||| Business devices (before disposal) --REQUIRES--> Perform a factory reset ||| Ransomware --REQUIRES--> Require multi-factor authentication to access services,8.856650114059448,ok,"MFA is one of the most effective ways to protect online accounts and applications from cyber criminals, acting as a two-step verification to verify a user’s identity.","MFA plays a crucial role in protecting online accounts for Australian small businesses by adding an extra layer of security beyond just passwords. It is required for administrative accounts and is also necessary for accessing services affected by ransomware, ensuring that even if a password is compromised, unauthorized access is prevented. Additionally, MFA is mandated for all small businesses to enhance overall account security. Wait, I think I mentioned ""all small businesses"" which isn't explicitly stated in the facts.",Australian Small Businesses (SMBs) --REQUIRES--> Multi-factor authentication (MFA) Administrative accounts (servers/NAS) --REQUIRES--> Strong passphrase or multi-factor authentication User access --REQUIRES--> Only what they need for their role Business devices (before disposal) --REQUIRES--> Perform a factory reset Ransomware --REQUIRES--> Require multi-factor authentication to access services,0.0,0.0014073251513764262,0.0005533576477319002,0.9998777217968484,0.9943500123218878,0.2413793103448276,0.0005533576477319002,0.00012227820315158233,0.2413793103448276
graph_qwen,Q7,What are the two primary reasons why SMEs are highly important entities to threat actors?,"SMEs are highly important to threat actors because they are easier targets to exploit, and they often serve as a gateway to larger organizations or targeted high-profile victims [F11. CITRENZ_2022_paper_3899.pdf].","The ASD Essential 8 and the ASD Top 4 cause confusion for SMEs regarding guidance, which may lead to vulnerabilities being exploited by threat actors due to unclear cybersecurity practices. Additionally, SMEs often lack dedicated IT security teams, making them easier targets for cyberattacks. However, based on the provided facts, only the first reason is directly mentioned as causing confusion for SMEs related to guidance. The second point about lacking dedicated IT security teams is inferred but not explicitly stated in the given facts.","The ASD Essential 8 and the ASD Top 4 cause confusion for SMEs regarding guidance, which may lead to vulnerabilities being exploited by threat actors due to unclear cybersecurity practices. Additionally, SMEs often lack dedicated IT security teams, making them easier targets for cyberattacks. However, based on the provided facts, only the first reason is directly mentioned as causing confusion for SMEs related to guidance. The second point about lacking dedicated IT security teams is inferred but not explicitly stated in the given facts.",ASD Essential 8 and ASD Top 4 --CAUSES--> Confusion for SMEs (re: guidance),10.007370233535768,ok,"SMEs are highly important to threat actors because they are easier targets to exploit, and they often serve as a gateway to larger organizations or targeted high-profile victims [F11. CITRENZ_2022_paper_3899.pdf].","The ASD Essential 8 and the ASD Top 4 cause confusion for SMEs regarding guidance, which may lead to vulnerabilities being exploited by threat actors due to unclear cybersecurity practices. Additionally, SMEs often lack dedicated IT security teams, making them easier targets for cyberattacks. However, based on the provided facts, only the first reason is directly mentioned as causing confusion for SMEs related to guidance. The second point about lacking dedicated IT security teams is inferred but not explicitly stated in the given facts.",ASD Essential 8 and ASD Top 4 --CAUSES--> Confusion for SMEs (re: guidance),0.0,0.007317753043025732,0.004065736196935177,0.9808494332554848,0.0009113120821090319,0.22857142857142856,0.004065736196935177,0.019150566744515207,0.22857142857142856
graph_qwen,Q8,What should small businesses be aware of if they pay a ransom during a ransomware incident?,"Paying a ransom does not guarantee that the files will be restored, and it increases the likelihood of the victim being targeted again.","Small businesses should be aware that paying a ransom does not guarantee recovery of data or ensure future protection, as they may lack cybersecurity knowledge despite having general awareness. They might also rely heavily on the security of third-party platforms, which could be compromised in such incidents. The Australian Government has invested significantly in cybersecurity initiatives, but individual businesses still face challenges in understanding and mitigating risks effectively. I do not have enough信息 from the knowledge graph to address the specific consequences of paying a ransom during a ransomeware incident.","Small businesses should be aware that paying a ransom does not guarantee recovery of data or ensure future protection, as they may lack cybersecurity knowledge despite having general awareness. They might also rely heavily on the security of third-party platforms, which could be compromised in such incidents. The Australian Government has invested significantly in cybersecurity initiatives, but individual businesses still face challenges in understanding and mitigating risks effectively. I do not have enough信息 from the knowledge graph to address the specific consequences of paying a ransom during a ransomeware incident.",User access --REQUIRES--> Only what they need for their role ||| Australian Government --RESPONSIBLE_FOR--> Invest $62.3 million in a classified national situational awareness capability ||| Australian Government --RESPONSIBLE_FOR--> Investing $1.35 billion Cyber Enhanced Situational Awareness and Response (CESAR) package ||| Health Care and Social Assistance industry (SMBs) --RELATED_TO--> Unaware of the NDB legislation (67%) ||| Health Care and Social Assistance industry (SMBs) --RELATED_TO--> Unaware of the NDB legislation (67%) ||| Small businesses --RELATED_TO--> Rely heavily on security of platforms they use (assuming ‘secure-by-design’) ||| Australian SME employees and owners --RELATED_TO--> Lack the awareness of common threats ||| ASD’s ACSC --RESPONSIBLE_FOR--> Providing cyber security awareness training to SMEs ||| SMEs --RELATED_TO--> 75% believe they are not targets of cybercrime ||| SMBs --RELATED_TO--> Lack cybersecurity knowledge (despite general awareness),8.846027612686157,ok,"Paying a ransom does not guarantee that the files will be restored, and it increases the likelihood of the victim being targeted again.","Small businesses should be aware that paying a ransom does not guarantee recovery of data or ensure future protection, as they may lack cybersecurity knowledge despite having general awareness. They might also rely heavily on the security of third-party platforms, which could be compromised in such incidents. The Australian Government has invested significantly in cybersecurity initiatives, but individual businesses still face challenges in understanding and mitigating risks effectively. I do not have enough信息 from the knowledge graph to address the specific consequences of paying a ransom during a ransomeware incident.",User access --REQUIRES--> Only what they need for their role Australian Government --RESPONSIBLE_FOR--> Invest $62.3 million in a classified national situational awareness capability Australian Government --RESPONSIBLE_FOR--> Investing $1.35 billion Cyber Enhanced Situational Awareness and Response (CESAR) package Health Care and Social Assistance industry (SMBs) --RELATED_TO--> Unaware of the NDB legislation (67%) Health Care and Social Assistance industry (SMBs) --RELATED_TO--> Unaware of the NDB legislation (67%) Small businesses --RELATED_TO--> Rely heavily on security of platforms they use (assuming ‘secure-by-design’) Australian SME employees and owners --RELATED_TO--> Lack the awareness of common threats ASD’s ACSC --RESPONSIBLE_FOR--> Providing cyber security awareness training to SMEs SMEs --RELATED_TO--> 75% believe they are not targets of cybercrime SMBs --RELATED_TO--> Lack cybersecurity knowledge (despite general awareness),0.0,0.14434084296226501,0.0005736739258281887,0.9999344834015768,5.94841550581528e-05,0.4782608695652174,0.0005736739258281887,6.551659842324309e-05,0.4782608695652174
graph_qwen,Q9,What is the purpose of the proposed Cyber Health-Check Program under the 2023–2030 Australian Cyber Security Strategy?,"The program will offer a free, tailored assessment of cyber security maturity to small and medium businesses, along with educational tools and materials to help them improve their cyber security posture.","The purpose of the proposed CyberHealth-Check Program under the Australian Cyber Security Strategy is to enhance the cybersecurity resilience of critical infrastructure sectors, including healthcare, by identifying vulnerabilities and providing targeted guidance to improve security postures. This initiative aligns with efforts to strengthen national cybersecurity capabilities through collaborative threat intelligence sharing and proactive risk management. It complements existing measures such as the Threat Sharing Acceleration Fund, which focuses on building the health system's ability to detect and respond to cyber threats effectively. I do not have enough information to answer this question.","The purpose of the proposed CyberHealth-Check Program under the Australian Cyber Security Strategy is to enhance the cybersecurity resilience of critical infrastructure sectors, including healthcare, by identifying vulnerabilities and providing targeted guidance to improve security postures. This initiative aligns with efforts to strengthen national cybersecurity capabilities through collaborative threat intelligence sharing and proactive risk management. It complements existing measures such as the Threat Sharing Acceleration Fund, which focuses on building the health system's ability to detect and respond to cyber threats effectively.",Malicious state actors and cybercriminals --TARGETS--> Critical services like telecommunication networks and health systems ||| Threat Sharing Acceleration Fund --RESPONSIBLE_FOR--> Building capability of Australia’s health system to identify threats ||| ASD’s limited use obligation --MITIGATES--> Voluntarily provided information being used for regulatory purposes,9.935352802276611,ok,"The program will offer a free, tailored assessment of cyber security maturity to small and medium businesses, along with educational tools and materials to help them improve their cyber security posture.","The purpose of the proposed CyberHealth-Check Program under the Australian Cyber Security Strategy is to enhance the cybersecurity resilience of critical infrastructure sectors, including healthcare, by identifying vulnerabilities and providing targeted guidance to improve security postures. This initiative aligns with efforts to strengthen national cybersecurity capabilities through collaborative threat intelligence sharing and proactive risk management. It complements existing measures such as the Threat Sharing Acceleration Fund, which focuses on building the health system's ability to detect and respond to cyber threats effectively.",Malicious state actors and cybercriminals --TARGETS--> Critical services like telecommunication networks and health systems Threat Sharing Acceleration Fund --RESPONSIBLE_FOR--> Building capability of Australia’s health system to identify threats ASD’s limited use obligation --MITIGATES--> Voluntarily provided information being used for regulatory purposes,0.0,0.9874975085258484,0.0006625038222409785,0.9999657171599958,0.31924223008315783,0.3225806451612903,0.0006625038222409785,3.428284000417392e-05,0.3225806451612903
graph_qwen,Q10,What function does Application Control serve in preventing threats on systems?,"Application control is an effective way to prevent malicious code from executing on workstations and servers, and to ensure only approved applications can execute.","Application Control helps prevent unauthorized software from running on systems, thereby reducing the risk of malware infections and other security threats by ensuring only approved applications are executed. It also limits the attack surface by restricting the execution of unknown or untrusted programs. This is particularly important for maintaining system integrity and protecting sensitive data from malicious activities. I do not have enough信息 from the knowledge graph toanswer this question.","Application Control helps prevent unauthorized software from running on systems, thereby reducing the risk of malware infections and other security threats by ensuring only approved applications are executed. It also limits the attack surface by restricting the execution of unknown or untrusted programs. This is particularly important for maintaining system integrity and protecting sensitive data from malicious activities. I do not have enough信息 from the knowledge graph toanswer this question.",Multi-factor authentication (MFA) --MITIGATES--> Cyber criminals accessing online accounts and applications,8.832700490951538,ok,"Application control is an effective way to prevent malicious code from executing on workstations and servers, and to ensure only approved applications can execute.","Application Control helps prevent unauthorized software from running on systems, thereby reducing the risk of malware infections and other security threats by ensuring only approved applications are executed. It also limits the attack surface by restricting the execution of unknown or untrusted programs. This is particularly important for maintaining system integrity and protecting sensitive data from malicious activities. I do not have enough信息 from the knowledge graph toanswer this question.",Multi-factor authentication (MFA) --MITIGATES--> Cyber criminals accessing online accounts and applications,0.0,0.005705385468900204,7.292782538570464e-05,0.9997459889542288,0.00011910612423395512,0.4583333333333333,7.292782538570464e-05,0.00025401104577116307,0.4583333333333333
graph_qwen,Q11,What are the consequences of an inadequate cybersecurity strategy for SMBs?,"Inadequate cybersecurity strategies make SMBs vulnerable to reputational damage, financial and legal consequences, and risk business insolvency [1-s2.0-S0167404824003316-main.pdf].","The consequences of an inadequate cybersecuritystrategy for SMBs include heightened vulnerability to cyber threats due to lack of cybersecurity monitoring tools and capabilities, which may lead to data breaches and financial losses. Additionally, many SMBs are unaware of available cybersecurity frameworks like NIST CSF, EssentialEight, and ISO 2701, hindering their ability to implement effective security measures. This lack of preparedness can also result in non-compliance with regulatory requirements and increased costs associated with remediation efforts. I do not have enoughinformation from the knowledge graph toanswer this question.","The consequences of an inadequate cybersecuritystrategy for SMBs include heightened vulnerability to cyber threats due to lack of cybersecurity monitoring tools and capabilities, which may lead to data breaches and financial losses. Additionally, many SMBs are unaware of available cybersecurity frameworks like NIST CSF, EssentialEight, and ISO 2701, hindering their ability to implement effective security measures. This lack of preparedness can also result in non-compliance with regulatory requirements and increased costs associated with remediation efforts. I do not have enoughinformation from the knowledge graph toanswer this question.","ASD --RESPONSIBLE_FOR--> Development of new and updated cybersecurity advice/capabilities/techniques ||| Cyber insurers --RESPONSIBLE_FOR--> Help businesses understand how to improve their cybersecurity ||| Increased digitalization --CAUSES--> Heightens cybersecurity risks ||| Governments --REQUIRES--> Robust risk management to address cybersecurity risks ||| Non-prescriptive mandates --CAUSES--> Cybersecurity evolves with critical technologies ||| Cybersecurity frameworks (NIST CSF, Essential Eight, ISO 27001) --MITIGATES--> SMBs not knowing where to start in the implementation of cybersecurity ||| SMBs --RELATED_TO--> Lack cybersecurity monitoring tools and capabilities ||| NIST CSF --RELATED_TO--> Most known cybersecurity framework among SMB respondents (32%) ||| 17% of SMBs --RELATED_TO--> Did not know about any cybersecurity frameworks ||| SMBs --RESPONSIBLE_FOR--> Adopting cybersecurity frameworks (NIST CSF, Essential Eight, ISO 27001)",10.2078595161438,ok,"Inadequate cybersecurity strategies make SMBs vulnerable to reputational damage, financial and legal consequences, and risk business insolvency [1-s2.0-S0167404824003316-main.pdf].","The consequences of an inadequate cybersecuritystrategy for SMBs include heightened vulnerability to cyber threats due to lack of cybersecurity monitoring tools and capabilities, which may lead to data breaches and financial losses. Additionally, many SMBs are unaware of available cybersecurity frameworks like NIST CSF, EssentialEight, and ISO 2701, hindering their ability to implement effective security measures. This lack of preparedness can also result in non-compliance with regulatory requirements and increased costs associated with remediation efforts. I do not have enoughinformation from the knowledge graph toanswer this question.","ASD --RESPONSIBLE_FOR--> Development of new and updated cybersecurity advice/capabilities/techniques Cyber insurers --RESPONSIBLE_FOR--> Help businesses understand how to improve their cybersecurity Increased digitalization --CAUSES--> Heightens cybersecurity risks Governments --REQUIRES--> Robust risk management to address cybersecurity risks Non-prescriptive mandates --CAUSES--> Cybersecurity evolves with critical technologies Cybersecurity frameworks (NIST CSF, Essential Eight, ISO 27001) --MITIGATES--> SMBs not knowing where to start in the implementation of cybersecurity SMBs --RELATED_TO--> Lack cybersecurity monitoring tools and capabilities NIST CSF --RELATED_TO--> Most known cybersecurity framework among SMB respondents (32%) 17% of SMBs --RELATED_TO--> Did not know about any cybersecurity frameworks SMBs --RESPONSIBLE_FOR--> Adopting cybersecurity frameworks (NIST CSF, Essential Eight, ISO 27001)",0.0,0.0005419931258074939,0.0012758629163727164,0.9999678795153388,0.28348967655636553,0.30434782608695654,0.0012758629163727164,3.21204846611689e-05,0.30434782608695654
graph_qwen,Q12,"According to the ISM, what action should system owners take after a system is defined and controls are selected but before it is granted authorization to operate?","System owners should implement controls for the system and its operating environment, and the details of their actual implementation should be documented in the system’s system security plan annex.","The ISM does not directly address this specific scenario as outlined in the provided facts. I do not have enough information to answer this question based on the given knowledge graph. Okay, let's see. The user is asking about the ISM (Information Security Manual) and what actions system owners should take after defining a system and selecting controls but before authorization to operate.",The ISM does not directly address this specific scenario as outlined in the provided facts.,"Australian Small Businesses (SMBs) --REQUIRES--> Multi-factor authentication (MFA) ||| Australian Small Businesses (SMBs) --REQUIRES--> Software updating ||| Australian Small Businesses (SMBs) --REQUIRES--> Data backups ||| Australian Small Businesses (SMBs) --RELATED_TO--> Lack of time, resources and expertise ||| Australian Small Businesses (SMBs) --RELATED_TO--> Lack of funds ||| Australian Small Businesses (SMBs) --RELATED_TO--> Lack of knowledge on where to start ||| Multi-factor authentication (MFA) --MITIGATES--> Cyber criminals accessing online accounts and applications ||| Multi-factor authentication (MFA) --RELATED_TO--> Recommended basic security measure (by ACSC) ||| Data backups --RELATED_TO--> Lack of periodic testing ||| Small businesses --APPLIES_TO--> Maturity Level One of the Essential Eight",9.343528985977173,ok,"System owners should implement controls for the system and its operating environment, and the details of their actual implementation should be documented in the system’s system security plan annex.",The ISM does not directly address this specific scenario as outlined in the provided facts.,"Australian Small Businesses (SMBs) --REQUIRES--> Multi-factor authentication (MFA) Australian Small Businesses (SMBs) --REQUIRES--> Software updating Australian Small Businesses (SMBs) --REQUIRES--> Data backups Australian Small Businesses (SMBs) --RELATED_TO--> Lack of time, resources and expertise Australian Small Businesses (SMBs) --RELATED_TO--> Lack of funds Australian Small Businesses (SMBs) --RELATED_TO--> Lack of knowledge on where to start Multi-factor authentication (MFA) --MITIGATES--> Cyber criminals accessing online accounts and applications Multi-factor authentication (MFA) --RELATED_TO--> Recommended basic security measure (by ACSC) Data backups --RELATED_TO--> Lack of periodic testing Small businesses --APPLIES_TO--> Maturity Level One of the Essential Eight",0.0,0.0009744938579387963,0.9732809066772461,0.00792498580934021,1.3473218218833167e-05,0.1,0.9732809066772461,0.9920750141906598,0.1
graph_qwen,Q13,What is the importance of having an IT asset inventory in a business?,"Maintaining an IT asset inventory facilitates efficient tracking and awareness of the technology endpoints present in the business, and its absence hinders efficient management and protection of resources [291, 1-s2.0-S0167404824003316-main.pdf].","The importance of having an ITassetinventory in a business lies in its role as a foundational step for understanding and prioritizing critical assets, systems,  and data, which is required by the NIST Identify Function ( CSF ). This process enables organizations to effectively identify and manage their digital resources, ensuring they can focus on protecting what matters most to their operations. By maintaining an accurate inventory, businesses can better assess risks, allocate resources efficiently, and respond swiftly to potential security threats. I do not have enough Information from the knowledge graph to Answer this question.","The importance of having an ITassetinventory in a business lies in its role as a foundational step for understanding and prioritizing critical assets, systems, and data, which is required by the NIST Identify Function ( CSF ). This process enables organizations to effectively identify and manage their digital resources, ensuring they can focus on protecting what matters most to their operations. By maintaining an accurate inventory, businesses can better assess risks, allocate resources efficiently, and respond swiftly to potential security threats. I do not have enough Information from the knowledge graph to Answer this question.","NIST Identify Function (CSF) --REQUIRES--> Understanding and prioritising critical assets, systems, and data",9.934937238693236,ok,"Maintaining an IT asset inventory facilitates efficient tracking and awareness of the technology endpoints present in the business, and its absence hinders efficient management and protection of resources [291, 1-s2.0-S0167404824003316-main.pdf].","The importance of having an ITassetinventory in a business lies in its role as a foundational step for understanding and prioritizing critical assets, systems, and data, which is required by the NIST Identify Function ( CSF ). This process enables organizations to effectively identify and manage their digital resources, ensuring they can focus on protecting what matters most to their operations. By maintaining an accurate inventory, businesses can better assess risks, allocate resources efficiently, and respond swiftly to potential security threats. I do not have enough Information from the knowledge graph to Answer this question.","NIST Identify Function (CSF) --REQUIRES--> Understanding and prioritising critical assets, systems, and data",0.0,0.0004778946749866009,0.0003962991468142718,0.9991944738168616,2.5407166446548855e-05,0.22857142857142856,0.0003962991468142718,0.0008055261831384497,0.22857142857142856
graph_qwen,Q14,"What are the risks associated with outsourcing cloud services, according to the Information Security Manual (ISM)?",Outsourced cloud services may be located offshore and subject to lawful and covert data collection without their customers’ knowledge.,"The Information Security Manual (ISM) highlights that outsourcing cloud services introduces cyber supply chain risk management activities, which require identifying jurisdictional, governance,privacy, and security risks. These risks are mitigated through programs like the Cyber Wardens Program, which addresses cybersecurity threats. Additionally, increased digitalization heightens overall cybersecurity risks, necessitating robust risk management frameworks as mandated by governments. I do not have enough信息 from the knowledge graph toanswer this question.","The Information Security Manual (ISM) highlights that outsourcing cloud services introduces cyber supply chain risk management activities, which require identifying jurisdictional, governance,privacy, and security risks. These risks are mitigated through programs like the Cyber Wardens Program, which addresses cybersecurity threats. Additionally, increased digitalization heightens overall cybersecurity risks, necessitating robust risk management frameworks as mandated by governments. I do not have enough信息 from the knowledge graph toanswer this question.","SME Director --RESPONSIBLE_FOR--> Oversight of cyber security risks ||| Case studies (in advice) --CAUSES--> Better assess cyber risks and prioritise practices ||| Phishing --RELATED_TO--> Malware/Ransomware (common understood risks) ||| Cyber Wardens Program --MITIGATES--> Cyber security risks and threats ||| Australian Government --RESPONSIBLE_FOR--> Developing framework for assessing national security risks of vendor products ||| Cyber supply chain risk management activities --REQUIRES--> Identifying jurisdictional, governance, privacy and security risks ||| Malware, Phishing, and Ransomware --RELATED_TO--> Most commonly understood cyber security risks (by SMBs) ||| Small business directors --RESPONSIBLE_FOR--> Oversight of cyber security risks (as part of fiduciary duties) ||| Increased digitalization --CAUSES--> Heightens cybersecurity risks ||| Governments --REQUIRES--> Robust risk management to address cybersecurity risks",8.838125467300415,ok,Outsourced cloud services may be located offshore and subject to lawful and covert data collection without their customers’ knowledge.,"The Information Security Manual (ISM) highlights that outsourcing cloud services introduces cyber supply chain risk management activities, which require identifying jurisdictional, governance,privacy, and security risks. These risks are mitigated through programs like the Cyber Wardens Program, which addresses cybersecurity threats. Additionally, increased digitalization heightens overall cybersecurity risks, necessitating robust risk management frameworks as mandated by governments. I do not have enough信息 from the knowledge graph toanswer this question.","SME Director --RESPONSIBLE_FOR--> Oversight of cyber security risks Case studies (in advice) --CAUSES--> Better assess cyber risks and prioritise practices Phishing --RELATED_TO--> Malware/Ransomware (common understood risks) Cyber Wardens Program --MITIGATES--> Cyber security risks and threats Australian Government --RESPONSIBLE_FOR--> Developing framework for assessing national security risks of vendor products Cyber supply chain risk management activities --REQUIRES--> Identifying jurisdictional, governance, privacy and security risks Malware, Phishing, and Ransomware --RELATED_TO--> Most commonly understood cyber security risks (by SMBs) Small business directors --RESPONSIBLE_FOR--> Oversight of cyber security risks (as part of fiduciary duties) Increased digitalization --CAUSES--> Heightens cybersecurity risks Governments --REQUIRES--> Robust risk management to address cybersecurity risks",0.0,0.0036320467479526997,0.001721257227472961,0.9998420195146606,0.0006785027228308857,0.2631578947368421,0.001721257227472961,0.00015798048533943732,0.2631578947368421
graph_qwen,Q15,What measure does the ACSC recommend staff take when receiving payment requests or bank detail changes via email?,"The most effective mitigation measure is to call the sender using independently verified contact details to confirm the request is legitimate, and not to use the contact details sent in the potentially fraudulent email.","The ACSC recommends that staff verify such requests through official channels before taking action, as part of their guidance on preventing phishing and ransomware attacks. This aligns with the requirement for small businesses to read ACSC resources on website and email security. Additionally, implementing antivirus software and adhering to APP 11 by securing personal information can help mitigate risks associated with fraudulent communications. Wait, but the original facts don't mention anything about verifying payment requests or bank details specifically.","The ACSC recommends that staff verify such requests through official channels before taking action, as part of their guidance on preventing phishing and ransomware attacks. This aligns with the requirement for small businesses to read ACSC resources on website and email security. Additionally, implementing antivirus software and adhering to APP 11 by securing personal information can help mitigate risks associated with fraudulent communications. Wait, but the original facts don't mention anything about verifying payment requests or bank details specifically.",Ransomware incidents --REQUIRES--> Reporting to the ACSC ||| Ransomware incidents --REQUIRES--> Reporting to the ACSC ||| SMBs --RELATED_TO--> Less likely to implement cyber security measures ||| Australian Privacy Principle 11 (APP 11) --REQUIRES--> Active measures to ensure the security of personal information ||| Antivirus software --RELATED_TO--> ACSC advice on alternative products and options ||| Small businesses --REQUIRES--> Reading ACSC resources on website security ||| Australian Privacy Principle 11 (APP 11) --REQUIRES--> Take active measures to ensure the security of personal information ||| ACSC Cyber Alert Service --RELATED_TO--> ASD’s ACSC Protecting Your Business and Employees ||| ASD --RELATED_TO--> Australian Cyber Security Centre (ACSC) ||| Sensitive data (in SMEs) --RELATED_TO--> Freely accessible due to no encryption or access control measures,9.926130771636965,ok,"The most effective mitigation measure is to call the sender using independently verified contact details to confirm the request is legitimate, and not to use the contact details sent in the potentially fraudulent email.","The ACSC recommends that staff verify such requests through official channels before taking action, as part of their guidance on preventing phishing and ransomware attacks. This aligns with the requirement for small businesses to read ACSC resources on website and email security. Additionally, implementing antivirus software and adhering to APP 11 by securing personal information can help mitigate risks associated with fraudulent communications. Wait, but the original facts don't mention anything about verifying payment requests or bank details specifically.",Ransomware incidents --REQUIRES--> Reporting to the ACSC Ransomware incidents --REQUIRES--> Reporting to the ACSC SMBs --RELATED_TO--> Less likely to implement cyber security measures Australian Privacy Principle 11 (APP 11) --REQUIRES--> Active measures to ensure the security of personal information Antivirus software --RELATED_TO--> ACSC advice on alternative products and options Small businesses --REQUIRES--> Reading ACSC resources on website security Australian Privacy Principle 11 (APP 11) --REQUIRES--> Take active measures to ensure the security of personal information ACSC Cyber Alert Service --RELATED_TO--> ASD’s ACSC Protecting Your Business and Employees ASD --RELATED_TO--> Australian Cyber Security Centre (ACSC) Sensitive data (in SMEs) --RELATED_TO--> Freely accessible due to no encryption or access control measures,0.0,0.000328024965710938,0.0007141935057006776,0.9739179024186326,0.0035703665505330854,0.20588235294117646,0.0007141935057006776,0.02608209758136737,0.20588235294117646
graph_qwen,Q16,What two key components make up the Adaptive Positive and Negative weight Comparison Decoding (PNCD) strategy?,"The PNCD strategy consists of a penalty factor designed to reduce the negative impact of non-expert context, and a dynamic uncertainty enhancement factor designed to enhance the positive contribution of expert context.","I do not have enough信息 from the knowledge graph toanswer this question. The provided facts do not mention the PNCD strategy or its components. The only fact available relates to the Australian Government's role in co-designing supply chain principles, which is unrelated to the question. Therefore, it is not possible to determine the two key components of the PNCD strategy based on the given information.","I do not have enough信息 from the knowledge graph toanswer this question. The provided facts do not mention the PNCD strategy or its components. The only fact available relates to the Australian Government's role in co-designing supply chain principles, which is unrelated to the question. Therefore, it is not possible to determine the two key components of the PNCD strategy based on the given information.",Australian Government --RESPONSIBLE_FOR--> Co-designing supply chain principles for decision makers and suppliers,8.82789921760559,ok,"The PNCD strategy consists of a penalty factor designed to reduce the negative impact of non-expert context, and a dynamic uncertainty enhancement factor designed to enhance the positive contribution of expert context.","I do not have enough信息 from the knowledge graph toanswer this question. The provided facts do not mention the PNCD strategy or its components. The only fact available relates to the Australian Government's role in co-designing supply chain principles, which is unrelated to the question. Therefore, it is not possible to determine the two key components of the PNCD strategy based on the given information.",Australian Government --RESPONSIBLE_FOR--> Co-designing supply chain principles for decision makers and suppliers,0.0,0.23120476305484772,0.0012026327895000577,0.814710918735331,2.6800930294273288e-05,0.2727272727272727,0.0012026327895000577,0.18528908126466903,0.2727272727272727
graph_qwen,Q17,What problem does the PNCD framework aim to address in the medical domain for LLMs?,"The PNCD framework focuses on the problem of hallucination under the influence of noisy text environments for LLMs, and investigates the model's ability to cope with hallucination and complex text processing.","I do not have enough信息 from the knowledge graph toanswer this question. Okay, let's see. The user is asking about the PNCD framework and its purpose in the medical domain for large language models (LLMs). First, I need to check if any of the provided facts relate to this topic.","I do not have enough信息 from the knowledge graph toanswer this question. Okay, let's see. The user is asking about the PNCD framework and its purpose in the medical domain for large language models (LLMs). First, I need to check if any of the provided facts relate to this topic.","Australian Small Businesses (SMBs) --REQUIRES--> Multi-factor authentication (MFA) ||| Australian Small Businesses (SMBs) --REQUIRES--> Software updating ||| Australian Small Businesses (SMBs) --REQUIRES--> Data backups ||| Australian Small Businesses (SMBs) --RELATED_TO--> Lack of time, resources and expertise ||| Australian Small Businesses (SMBs) --RELATED_TO--> Lack of funds ||| Australian Small Businesses (SMBs) --RELATED_TO--> Lack of knowledge on where to start ||| Multi-factor authentication (MFA) --MITIGATES--> Cyber criminals accessing online accounts and applications ||| Multi-factor authentication (MFA) --RELATED_TO--> Recommended basic security measure (by ACSC) ||| Data backups --RELATED_TO--> Lack of periodic testing ||| Small businesses --APPLIES_TO--> Maturity Level One of the Essential Eight",10.43743085861206,ok,"The PNCD framework focuses on the problem of hallucination under the influence of noisy text environments for LLMs, and investigates the model's ability to cope with hallucination and complex text processing.","I do not have enough信息 from the knowledge graph toanswer this question. Okay, let's see. The user is asking about the PNCD framework and its purpose in the medical domain for large language models (LLMs). First, I need to check if any of the provided facts relate to this topic.","Australian Small Businesses (SMBs) --REQUIRES--> Multi-factor authentication (MFA) Australian Small Businesses (SMBs) --REQUIRES--> Software updating Australian Small Businesses (SMBs) --REQUIRES--> Data backups Australian Small Businesses (SMBs) --RELATED_TO--> Lack of time, resources and expertise Australian Small Businesses (SMBs) --RELATED_TO--> Lack of funds Australian Small Businesses (SMBs) --RELATED_TO--> Lack of knowledge on where to start Multi-factor authentication (MFA) --MITIGATES--> Cyber criminals accessing online accounts and applications Multi-factor authentication (MFA) --RELATED_TO--> Recommended basic security measure (by ACSC) Data backups --RELATED_TO--> Lack of periodic testing Small businesses --APPLIES_TO--> Maturity Level One of the Essential Eight",0.0,0.0596734993159771,0.004247465170919895,0.9964540055574517,1.2705446865078904e-05,0.25,0.004247465170919895,0.003545994442548328,0.25
graph_qwen,Q18,"What AI model was identified as the most potent for formulating cyber security policies for SMEs, according to one source?",The GPT-4 model was identified as the most potent AI model for formulating cyber security policies for SMEs [2306.02612v1 (1).pdf].,The provided facts do not mention any specific AI model related to formulating cybersecurity policies for SMEs. I do not have enough information to answer this question. The query is outside the scope of the given facts. I do not have sufficient data to provide an accurate response.,The provided facts do not mention any specific AI model related to formulating cybersecurity policies for SMEs.,"ASD’s ACSC Small Business Cyber Security Guide --RELATED_TO--> ASD’s Essential Eight maturity model ||| ASD’s ACSC Small Business Cyber Security Guide --RELATED_TO--> ASD’s Essential Eight maturity model ||| Cyber Security Handbook --RELATED_TO--> ASD’s Essential Eight maturity model ||| Operating system --REQUIRES--> Updated regularly to ensure most secure version ||| Malware, Phishing, and Ransomware --RELATED_TO--> Most commonly understood cyber security risks (by SMBs) ||| Cyber security is a public good --LEADS_TO--> Enforcement by those most capable of managing it ||| SMBs that experienced cyber-attacks --RELATED_TO--> Phishing (most prevalent type) ||| External attackers (cyber criminals) --RELATED_TO--> Most likely threat actor to attack businesses ||| NIST CSF --RELATED_TO--> Most known cybersecurity framework among SMB respondents (32%) ||| SMBs --RELATED_TO--> Google search (most commonly mentioned source)",8.819427490234375,ok,The GPT-4 model was identified as the most potent AI model for formulating cyber security policies for SMEs [2306.02612v1 (1).pdf].,The provided facts do not mention any specific AI model related to formulating cybersecurity policies for SMEs.,"ASD’s ACSC Small Business Cyber Security Guide --RELATED_TO--> ASD’s Essential Eight maturity model ASD’s ACSC Small Business Cyber Security Guide --RELATED_TO--> ASD’s Essential Eight maturity model Cyber Security Handbook --RELATED_TO--> ASD’s Essential Eight maturity model Operating system --REQUIRES--> Updated regularly to ensure most secure version Malware, Phishing, and Ransomware --RELATED_TO--> Most commonly understood cyber security risks (by SMBs) Cyber security is a public good --LEADS_TO--> Enforcement by those most capable of managing it SMBs that experienced cyber-attacks --RELATED_TO--> Phishing (most prevalent type) External attackers (cyber criminals) --RELATED_TO--> Most likely threat actor to attack businesses NIST CSF --RELATED_TO--> Most known cybersecurity framework among SMB respondents (32%) SMBs --RELATED_TO--> Google search (most commonly mentioned source)",0.0,0.00031153319287113845,0.9959099888801575,0.9879392283603301,0.18538546642711065,0.30434782608695654,0.9959099888801575,0.012060771639669898,0.30434782608695654
graph_qwen,Q19,What is the purpose of the RAG framework within the PNCD decoding strategy?,"RAG technology is the core mechanism supporting the collaborative work between expert and non-expert LLMs, constructing authoritative knowledge bases and adversarial noise bases via retrieval.","I do not have enough信息 from the knowledge graph toanswer this question. Okay, let's see. The user is asking about the purpose of the R AG framework within the PNCD decod ing strategy. First, I need to check the provided facts to see if there's any mention of RAG or PNCD.","I do not have enough信息 from the knowledge graph toanswer this question. Okay, let's see. The user is asking about the purpose of the R AG framework within the PNCD decod ing strategy. First, I need to check the provided facts to see if there's any mention of RAG or PNCD.","Australian Government --RESPONSIBLE_FOR--> Developing framework for assessing national security risks of vendor products ||| 1-10-60 Rule --REQUIRES--> Detect malicious cyber activity within one minute ||| ASD’s Essential Eight --RELATED_TO--> Protective Security Policy Framework (PSPF) ||| SMBs --RELATED_TO--> Lack of familiarity with relevant regulations and frameworks ||| SMBs --RELATED_TO--> Lack of familiarity with relevant regulations and frameworks ||| ASD’s limited use obligation --MITIGATES--> Voluntarily provided information being used for regulatory purposes ||| NIST CSF --RELATED_TO--> Most known cybersecurity framework among SMB respondents (32%) ||| 17% of SMBs --RELATED_TO--> Did not know about any cybersecurity frameworks ||| SMBs --RESPONSIBLE_FOR--> Adopting cybersecurity frameworks (NIST CSF, Essential Eight, ISO 27001) ||| ASD Essential Eight --RELATED_TO--> NIST CSF and ISO 27001 (as popular frameworks)",10.012158393859863,ok,"RAG technology is the core mechanism supporting the collaborative work between expert and non-expert LLMs, constructing authoritative knowledge bases and adversarial noise bases via retrieval.","I do not have enough信息 from the knowledge graph toanswer this question. Okay, let's see. The user is asking about the purpose of the R AG framework within the PNCD decod ing strategy. First, I need to check the provided facts to see if there's any mention of RAG or PNCD.","Australian Government --RESPONSIBLE_FOR--> Developing framework for assessing national security risks of vendor products 1-10-60 Rule --REQUIRES--> Detect malicious cyber activity within one minute ASD’s Essential Eight --RELATED_TO--> Protective Security Policy Framework (PSPF) SMBs --RELATED_TO--> Lack of familiarity with relevant regulations and frameworks SMBs --RELATED_TO--> Lack of familiarity with relevant regulations and frameworks ASD’s limited use obligation --MITIGATES--> Voluntarily provided information being used for regulatory purposes NIST CSF --RELATED_TO--> Most known cybersecurity framework among SMB respondents (32%) 17% of SMBs --RELATED_TO--> Did not know about any cybersecurity frameworks SMBs --RESPONSIBLE_FOR--> Adopting cybersecurity frameworks (NIST CSF, Essential Eight, ISO 27001) ASD Essential Eight --RELATED_TO--> NIST CSF and ISO 27001 (as popular frameworks)",0.0,0.02559436671435833,0.01231906097382307,0.9987271511922048,9.394187571891142e-05,0.11538461538461539,0.01231906097382307,0.0012728488077952127,0.11538461538461539
graph_qwen,Q20,What are the three principal optimization paradigms established for LLM refinement?,"The three principal optimization paradigms for LLM refinement are Parameter-efficient fine-tuning (e.g., P-tuning and LoRA), Knowledge enhancement strategies (e.g., RAG and knowledge distillation), and Prompt engineering.","I do not have enough信息 from the knowledge graph toanswer this question. The provided facts are about the Cyber Wardens program and do not relate to LLM optimization paradigms. No relevant information is available in the given facts. I do not have enough information从 the knowledge graph to answer 这个问题。提供的事实是关于网络卫士计划的，与LLM优化范式无关。在给定的事实中没有相关信息。
I do not have enoughinformation from the knowledge graph toanswera question.",I do not have enough信息 from the knowledge graph toanswer this question. The provided facts are about the Cyber Wardens program and do not relate to LLM optimization paradigms. No relevant information is available in the given facts. I do not have enough information从 the knowledge graph to answer 这个问题。提供的事实是关于网络卫士计划的，与LLM优化范式无关。在给定的事实中没有相关信息。 I do not have enoughinformation from the knowledge graph toanswera question.,"Cyber Wardens program --RELATED_TO--> Train 50,000 Cyber Wardens across Australia over the next three years",8.864900588989258,ok,"The three principal optimization paradigms for LLM refinement are Parameter-efficient fine-tuning (e.g., P-tuning and LoRA), Knowledge enhancement strategies (e.g., RAG and knowledge distillation), and Prompt engineering.",I do not have enough信息 from the knowledge graph toanswer this question. The provided facts are about the Cyber Wardens program and do not relate to LLM optimization paradigms. No relevant information is available in the given facts. I do not have enough information从 the knowledge graph to answer 这个问题。提供的事实是关于网络卫士计划的，与LLM优化范式无关。在给定的事实中没有相关信息。 I do not have enoughinformation from the knowledge graph toanswera question.,"Cyber Wardens program --RELATED_TO--> Train 50,000 Cyber Wardens across Australia over the next three years",0.0,0.990827739238739,0.00019705384329427034,0.1568449525807425,1.0482072446766162e-05,0.16129032258064516,0.00019705384329427034,0.8431550474192575,0.16129032258064516
graph_qwen,Q21,What is the main finding regarding cyber threat perception among SMBs in the Western Australia study?,"Factors such as organizational size, industry sector, and revenue level did not significantly impact SMBs’ perception of vulnerability to cyber threats.","The study highlights that concerns regarding data privacy and ethics are closely related to large language models (LLMs), which influence how small and medium-sized enterprises (SMEs) perceive cyber threats. Employees and owners of SMEs are identified as the main actors involved in recognizing, responding to, and recovering from cyber attacks. These factors collectively shape the perception and preparedness of SMBs in Western Australia towards potential cyber threats. I do not have enough information to answer this question.","The study highlights that concerns regarding data privacy and ethics are closely related to large language models (LLMs), which influence how small and medium-sized enterprises (SMEs) perceive cyber threats. Employees and owners of SMEs are identified as the main actors involved in recognizing, responding to, and recovering from cyber attacks. These factors collectively shape the perception and preparedness of SMBs in Western Australia towards potential cyber threats.","LLMs --RELATED_TO--> Concerns regarding data privacy and ethics ||| Employees and owners (SMEs) --RELATED_TO--> Main actors within the critical steps in recognizing, responding to and recovering from cyber-attack",9.963035345077516,ok,"Factors such as organizational size, industry sector, and revenue level did not significantly impact SMBs’ perception of vulnerability to cyber threats.","The study highlights that concerns regarding data privacy and ethics are closely related to large language models (LLMs), which influence how small and medium-sized enterprises (SMEs) perceive cyber threats. Employees and owners of SMEs are identified as the main actors involved in recognizing, responding to, and recovering from cyber attacks. These factors collectively shape the perception and preparedness of SMBs in Western Australia towards potential cyber threats.","LLMs --RELATED_TO--> Concerns regarding data privacy and ethics Employees and owners (SMEs) --RELATED_TO--> Main actors within the critical steps in recognizing, responding to and recovering from cyber-attack",0.0,0.001394732971675694,7.322085730265826e-05,0.9988832508782857,0.0012556602506544284,0.2857142857142857,7.322085730265826e-05,0.0011167491217143333,0.2857142857142857
graph_qwen,Q22,"What is Ransomware, and how does it usually demand payment?","Ransomware is a common and dangerous type of malware that locks up or encrypts files, demanding a ransom, usually in the form of cryptocurrency, to restore access.","Ransomware is a type of malware that encrypts a victim's data and demands payment, typically in cryptocurrency, to decrypt it. It usually demands payment through encrypted messages or emails, often threatening to release sensitive data or permanently lock systems unless the ransom is paid. Businesses may face challenges in reporting incidents due to 'no-fault' and 'no-liability' protections, which can hinder their ability to seek assistance or recover from attacks. I do not have enough信息 from the knowledge graph toanswer this question.","Ransomware is a type of malware that encrypts a victim's data and demands payment, typically in cryptocurrency, to decrypt it. It usually demands payment through encrypted messages or emails, often threatening to release sensitive data or permanently lock systems unless the ransom is paid. Businesses may face challenges in reporting incidents due to 'no-fault' and 'no-liability' protections, which can hinder their ability to seek assistance or recover from attacks. I do not have enough信息 from the knowledge graph toanswer this question.",Phishing --RELATED_TO--> Malware/Ransomware (common understood risks) ||| ‘No-fault’ and ‘no-liability’ protection principles --CAUSES--> Major impact on businesses’ confidence to report ransomware incidents ||| Cyber extortion --REQUIRES--> Ransomware playbook (guidance on preparation and response) ||| Automation of backups --LEADS_TO--> Quicker recovery after ransomware cyber incidents,8.80646276473999,ok,"Ransomware is a common and dangerous type of malware that locks up or encrypts files, demanding a ransom, usually in the form of cryptocurrency, to restore access.","Ransomware is a type of malware that encrypts a victim's data and demands payment, typically in cryptocurrency, to decrypt it. It usually demands payment through encrypted messages or emails, often threatening to release sensitive data or permanently lock systems unless the ransom is paid. Businesses may face challenges in reporting incidents due to 'no-fault' and 'no-liability' protections, which can hinder their ability to seek assistance or recover from attacks. I do not have enough信息 from the knowledge graph toanswer this question.",Phishing --RELATED_TO--> Malware/Ransomware (common understood risks) ‘No-fault’ and ‘no-liability’ protection principles --CAUSES--> Major impact on businesses’ confidence to report ransomware incidents Cyber extortion --REQUIRES--> Ransomware playbook (guidance on preparation and response) Automation of backups --LEADS_TO--> Quicker recovery after ransomware cyber incidents,0.0,0.006570531986653805,0.0010201232507824898,0.999869570052612,0.0004838947311827178,0.4444444444444444,0.0010201232507824898,0.00013042994738798885,0.4444444444444444
graph_qwen,Q23,What specific information does Engineers Australia suggest should be reported regarding ransomware incidents?,"Engineers Australia supports reporting the scope of the attack, the timeframe under which it happened, the entry point, the type of attack, and what data was targeted.","Engineers Australia is not mentioned in the provided facts, so I do not have enough information to answer this question. I do not have enough信息 from the knowledge graph to回答 this question. I do nothave enough information from the knowledgegraph to answer this question. Okay, let's see.","Engineers Australia is not mentioned in the provided facts, so",Scam messages --TARGETS--> Sensitive information (passwords) ||| Regular backups --MITIGATES--> Information loss or compromise ||| Lack of regular backups --CAUSES--> Impossible to recover information after a cyber attack ||| ASD’s ACSC Cyber Resources for Small Businesses --RELATED_TO--> Australian Information Security Association (AISA) ||| Small businesses --REQUIRES--> Understanding obligations for protecting personal information ||| Office of the Australian Information Commissioner (OAIC) --RELATED_TO--> Legal obligations for personal information ||| Australian Privacy Principle 11 (APP 11) --REQUIRES--> Active measures to ensure the security of personal information ||| Virus --CAUSES--> Damage/stealing personal information ||| Digital ID program --MITIGATES--> Need for people to share sensitive personal information ||| ASD --RESPONSIBLE_FOR--> Providing Australia’s major telecommunications providers with threat information,9.892256498336792,ok,"Engineers Australia supports reporting the scope of the attack, the timeframe under which it happened, the entry point, the type of attack, and what data was targeted.","Engineers Australia is not mentioned in the provided facts, so",Scam messages --TARGETS--> Sensitive information (passwords) Regular backups --MITIGATES--> Information loss or compromise Lack of regular backups --CAUSES--> Impossible to recover information after a cyber attack ASD’s ACSC Cyber Resources for Small Businesses --RELATED_TO--> Australian Information Security Association (AISA) Small businesses --REQUIRES--> Understanding obligations for protecting personal information Office of the Australian Information Commissioner (OAIC) --RELATED_TO--> Legal obligations for personal information Australian Privacy Principle 11 (APP 11) --REQUIRES--> Active measures to ensure the security of personal information Virus --CAUSES--> Damage/stealing personal information Digital ID program --MITIGATES--> Need for people to share sensitive personal information ASD --RESPONSIBLE_FOR--> Providing Australia’s major telecommunications providers with threat information,0.0,0.00015314831398427486,0.9980612397193909,0.048342322156249964,0.002326443951106226,0.1111111111111111,0.9980612397193909,0.95165767784375,0.1111111111111111
graph_qwen,Q24,What are the typical barriers that small businesses face when trying to improve their cyber security culture?,"Barriers include not knowing where to begin, feeling intimidated by technical jargon, overwhelmed by not knowing what steps to take, and doubting that they have the time, resources, or digital literacy.","The revision of the 2016 Cyber Security Strategy requires specifically considering barriers to small businesses improving cybersecurity. This indicates that the strategy acknowledges the challenges small businesses encounter in enhancing their cybersecurity practices. The identified barriers likely encompass factors such as limited resources, lack of expertise, and insufficient awareness regarding cybersecurity threats. I do not have enough Information from the knowledge graph to Answer this question.","The revision of the 2016 Cyber Security Strategy requires specifically considering barriers to small businesses improving cybersecurity. This indicates that the strategy acknowledges the challenges small businesses encounter in enhancing their cybersecurity practices. The identified barriers likely encompass factors such as limited resources, lack of expertise, and insufficient awareness regarding cybersecurity threats. I do not have enough Information from the knowledge graph to Answer this question.",Revision of the 2020 Cyber Security Strategy --REQUIRES--> Specifically consider barriers to small businesses improving cyber security,8.78593921661377,ok,"Barriers include not knowing where to begin, feeling intimidated by technical jargon, overwhelmed by not knowing what steps to take, and doubting that they have the time, resources, or digital literacy.","The revision of the 2016 Cyber Security Strategy requires specifically considering barriers to small businesses improving cybersecurity. This indicates that the strategy acknowledges the challenges small businesses encounter in enhancing their cybersecurity practices. The identified barriers likely encompass factors such as limited resources, lack of expertise, and insufficient awareness regarding cybersecurity threats. I do not have enough Information from the knowledge graph to Answer this question.",Revision of the 2020 Cyber Security Strategy --REQUIRES--> Specifically consider barriers to small businesses improving cyber security,0.0,0.0002589781070128083,0.014101515524089336,0.9993159277523619,0.9773471906781221,0.16129032258064516,0.014101515524089336,0.0006840722476381123,0.16129032258064516
graph_qwen,Q25,What mitigating measure can be taken to prevent staff from neglecting to collect printed sensitive documents from Multifunction Devices (MFDs)?,"MFDs should implement authentication measures that are of the same strength as used for other devices on the same network, such as requiring multi-factor authentication if user workstations require it.","The ASD Essential Eight provides a useful benchmark for measuring cybersecurity posture, which includes practices that can help prevent unauthorized access to sensitive data. Implementing multi-factor authentication (MFA), recommended by the ACSC as a basic security measure, can enhance protection against unauthorized access. Additionally, ensuring that sensitive data is encrypted and access controls are enforced can reduce the risk of data leakage through MFDs. I do not have enough信息 from the knowledge graph to回答 this question.","The ASD Essential Eight provides a useful benchmark for measuring cybersecurity posture, which includes practices that can help prevent unauthorized access to sensitive data. Implementing multi-factor authentication (MFA), recommended by the ACSC as a basic security measure, can enhance protection against unauthorized access. Additionally, ensuring that sensitive data is encrypted and access controls are enforced can reduce the risk of data leakage through MFDs. I do not have enough信息 from the knowledge graph to回答 this question.",SMBs --RELATED_TO--> Less likely to implement cyber security measures ||| Australian Privacy Principle 11 (APP 11) --REQUIRES--> Active measures to ensure the security of personal information ||| Australian Privacy Principle 11 (APP 11) --REQUIRES--> Take active measures to ensure the security of personal information ||| Micro sized enterprises --RELATED_TO--> Higher levels of data leakage prevention (compared to small and medium enterprises) ||| Sensitive data (in SMEs) --RELATED_TO--> Freely accessible due to no encryption or access control measures ||| SMEs --RELATED_TO--> Prioritise business growth over security measures ||| Multi-factor authentication (MFA) --RELATED_TO--> Recommended basic security measure (by ACSC) ||| ASD Essential Eight --RELATED_TO--> A useful benchmark to measure the cyber security posture,10.132339477539062,ok,"MFDs should implement authentication measures that are of the same strength as used for other devices on the same network, such as requiring multi-factor authentication if user workstations require it.","The ASD Essential Eight provides a useful benchmark for measuring cybersecurity posture, which includes practices that can help prevent unauthorized access to sensitive data. Implementing multi-factor authentication (MFA), recommended by the ACSC as a basic security measure, can enhance protection against unauthorized access. Additionally, ensuring that sensitive data is encrypted and access controls are enforced can reduce the risk of data leakage through MFDs. I do not have enough信息 from the knowledge graph to回答 this question.",SMBs --RELATED_TO--> Less likely to implement cyber security measures Australian Privacy Principle 11 (APP 11) --REQUIRES--> Active measures to ensure the security of personal information Australian Privacy Principle 11 (APP 11) --REQUIRES--> Take active measures to ensure the security of personal information Micro sized enterprises --RELATED_TO--> Higher levels of data leakage prevention (compared to small and medium enterprises) Sensitive data (in SMEs) --RELATED_TO--> Freely accessible due to no encryption or access control measures SMEs --RELATED_TO--> Prioritise business growth over security measures Multi-factor authentication (MFA) --RELATED_TO--> Recommended basic security measure (by ACSC) ASD Essential Eight --RELATED_TO--> A useful benchmark to measure the cyber security posture,0.0,0.01331248041242361,0.0010965391993522644,0.6867498595102236,0.0013533062757741911,0.22580645161290322,0.0010965391993522644,0.3132501404897764,0.22580645161290322
graph_qwen,Q26,What key vulnerability arises when small businesses rely heavily on outsourced IT arrangements for cybersecurity?,Outsourcing may lead to gaps in the owner’s cyber security knowledge about which security measures are actually being implemented to protect their business.,"The reliance of small businesses on outsourced IT arrangements creates a key vulnerability because they assume the security of the platforms they use is secure-by-design, yet they may lack the expertise to effectively monitor or manage these systems, increasing susceptibility to cyber threats. Additionally, small business owners and employees often underestimate their own vulnerability, with only 35% feeling at risk, which can lead to complacency in maintaining robust cybersecurity practices. This combination of over-reliance on third-party security and underestimation of risks heightens the overall exposure to potential breaches and attacks. Okay, let's tackle this question.","The reliance of small businesses on outsourced IT arrangements creates a key vulnerability because they assume the security of the platforms they use is secure-by-design, yet they may lack the expertise to effectively monitor or manage these systems, increasing susceptibility to cyber threats. Additionally, small business owners and employees often underestimate their own vulnerability, with only 35% feeling at risk, which can lead to complacency in maintaining robust cybersecurity practices. This combination of over-reliance on third-party security and underestimation of risks heightens the overall exposure to potential breaches and attacks. Okay, let's tackle this question.","AI, ML, and LLMs --MITIGATES--> Increased vulnerability of Australian SMEs to cyber threats ||| AI/ML/LLMs --MITIGATES--> Increased vulnerability of Australian SMEs to cyber threats ||| Small business owners/CEOs and employees --RELATED_TO--> Underestimate their vulnerability (only 35% feel vulnerable) ||| Small businesses --RELATED_TO--> Rely heavily on security of platforms they use (assuming ‘secure-by-design’) ||| Lack of competence (in employees) --CAUSES--> Vulnerability to social engineering attacks like phishing",8.9509437084198,ok,Outsourcing may lead to gaps in the owner’s cyber security knowledge about which security measures are actually being implemented to protect their business.,"The reliance of small businesses on outsourced IT arrangements creates a key vulnerability because they assume the security of the platforms they use is secure-by-design, yet they may lack the expertise to effectively monitor or manage these systems, increasing susceptibility to cyber threats. Additionally, small business owners and employees often underestimate their own vulnerability, with only 35% feeling at risk, which can lead to complacency in maintaining robust cybersecurity practices. This combination of over-reliance on third-party security and underestimation of risks heightens the overall exposure to potential breaches and attacks. Okay, let's tackle this question.","AI, ML, and LLMs --MITIGATES--> Increased vulnerability of Australian SMEs to cyber threats AI/ML/LLMs --MITIGATES--> Increased vulnerability of Australian SMEs to cyber threats Small business owners/CEOs and employees --RELATED_TO--> Underestimate their vulnerability (only 35% feel vulnerable) Small businesses --RELATED_TO--> Rely heavily on security of platforms they use (assuming ‘secure-by-design’) Lack of competence (in employees) --CAUSES--> Vulnerability to social engineering attacks like phishing",0.0,0.5405403971672058,0.002168131759390235,0.9998398141377609,0.9366145369268859,0.2916666666666667,0.002168131759390235,0.0001601858622390928,0.2916666666666667
graph_qwen,Q27,What should small businesses do with their devices before selling or disposing of them?,"Devices should be reset, likely through a factory reset, before selling or disposing of business devices.","Small businesses should ensure regular scans on their devices using security software before selling or disposing ofthem to prevent potential vulnerabilities. They should also consider the risks posed by cybercriminals targeting devices and services in their network, ensuring that all devices are properly secured. Additionally, following mandatory standards for IoT devices, they should protect the supply chain and implement cybersecurity features as required. The answer is incorrect because it introduces ""IoT devices"" which is not mentioned in the original question about general devices.","Small businesses should ensure regular scans on their devices using security software before selling or disposing ofthem to prevent potential vulnerabilities. They should also consider the risks posed by cybercriminals targeting devices and services in their network, ensuring that all devices are properly secured. Additionally, following mandatory standards for IoT devices, they should protect the supply chain and implement cybersecurity features as required. The answer is incorrect because it introduces ""IoT devices"" which is not mentioned in the original question about general devices.",Security software --REQUIRES--> Regular scans on your devices ||| Cybercriminals --TARGETS--> Devices and services in your network ||| User access --REQUIRES--> Only what they need for their role ||| Ransomware/Viruses --TARGETS--> Backup devices ||| Government and large businesses --RESPONSIBLE_FOR--> Assisting small businesses to upgrade their cyber security ||| Voluntary Code of Practice: Securing the Internet of Things for Consumers --REQUIRES--> Cyber security features expected of internet-connected devices ||| Cyber insurers --RESPONSIBLE_FOR--> Help businesses understand how to improve their cybersecurity ||| Mandatory standards (Australia) --REQUIRES--> IoT devices supply chain protection ||| Small business owners/CEOs and employees --RELATED_TO--> Underestimate their vulnerability (only 35% feel vulnerable) ||| 94% of SMEs (surveyed in WA) --RELATED_TO--> Unprotected devices,9.962246179580688,ok,"Devices should be reset, likely through a factory reset, before selling or disposing of business devices.","Small businesses should ensure regular scans on their devices using security software before selling or disposing ofthem to prevent potential vulnerabilities. They should also consider the risks posed by cybercriminals targeting devices and services in their network, ensuring that all devices are properly secured. Additionally, following mandatory standards for IoT devices, they should protect the supply chain and implement cybersecurity features as required. The answer is incorrect because it introduces ""IoT devices"" which is not mentioned in the original question about general devices.",Security software --REQUIRES--> Regular scans on your devices Cybercriminals --TARGETS--> Devices and services in your network User access --REQUIRES--> Only what they need for their role Ransomware/Viruses --TARGETS--> Backup devices Government and large businesses --RESPONSIBLE_FOR--> Assisting small businesses to upgrade their cyber security Voluntary Code of Practice: Securing the Internet of Things for Consumers --REQUIRES--> Cyber security features expected of internet-connected devices Cyber insurers --RESPONSIBLE_FOR--> Help businesses understand how to improve their cybersecurity Mandatory standards (Australia) --REQUIRES--> IoT devices supply chain protection Small business owners/CEOs and employees --RELATED_TO--> Underestimate their vulnerability (only 35% feel vulnerable) 94% of SMEs (surveyed in WA) --RELATED_TO--> Unprotected devices,0.0,0.01998188905417919,0.033325500786304474,0.9998768541494558,0.0031046487837152687,0.375,0.033325500786304474,0.0001231458505441818,0.375
graph_qwen,Q28,"Who is responsible for implementing the six-step risk management framework, including defining the system and selecting controls, for each system according to the ISM?",System owners are responsible for the implementation of the six-step risk management framework for each of their systems.,"The Australian Government is responsible for supporting safe and responsible use of artificial intelligence, but the specific implementation of the six-step risk management框架, including defining the system和selecting controls, for each system根据ISM is not explicitly mentioned in the provided facts. Therefore, I do not have enough information to determine who is responsible for this task based on the given data. I do not have enough信息from the knowledge graph to answer这个question. I do not have足够information from the knowledge graph to回答this question.","The Australian Government is responsible for supporting safe and responsible use of artificial intelligence, but the specific implementation of the six-step risk management框架, including defining the system和selecting controls, for each system根据ISM is not explicitly mentioned in the provided facts. Therefore, I do not have enough information to determine who is responsible for this task based on the given data. I do not have enough信息from the knowledge graph to answer这个question. I do not have足够information from the knowledge graph to回答this question.","Australian Government --RESPONSIBLE_FOR--> Supporting safe and responsible use of AI ||| Small businesses --RELATED_TO--> Intimidated by technical jargon and overwhelmed by steps to take ||| Employees and owners (SMEs) --RELATED_TO--> Main actors within the critical steps in recognizing, responding to and recovering from cyber-attack",9.11336898803711,ok,System owners are responsible for the implementation of the six-step risk management framework for each of their systems.,"The Australian Government is responsible for supporting safe and responsible use of artificial intelligence, but the specific implementation of the six-step risk management框架, including defining the system和selecting controls, for each system根据ISM is not explicitly mentioned in the provided facts. Therefore, I do not have enough information to determine who is responsible for this task based on the given data. I do not have enough信息from the knowledge graph to answer这个question. I do not have足够information from the knowledge graph to回答this question.","Australian Government --RESPONSIBLE_FOR--> Supporting safe and responsible use of AI Small businesses --RELATED_TO--> Intimidated by technical jargon and overwhelmed by steps to take Employees and owners (SMEs) --RELATED_TO--> Main actors within the critical steps in recognizing, responding to and recovering from cyber-attack",0.0,0.994414746761322,0.0002647103974595666,0.9998120922444927,6.600529834745582e-05,0.6842105263157895,0.0002647103974595666,0.00018790775550725503,0.6842105263157895
graph_qwen,Q29,Why is Multi-factor Authentication (MFA) prioritised for financial and email accounts in small businesses?,MFA is prioritised for financial and email accounts for maximum effect because it is one of the most effective ways to protect valuable information and accounts.,"Australian Small Businesses (SMB) require MFA for their systems, which enhances security by adding an extra layer beyond just passwords. This is also necessary for administrative accounts and accessing services affected by ransomware, as it prevents unauthorized access even if passwords are compromised. Therefore, MFA is prioritized for critical accounts like financial and email to protect sensitive data and operations. Okay, let's tackle this question.","Australian Small Businesses (SMB) require MFA for their systems, which enhances security by adding an extra layer beyond just passwords. This is also necessary for administrative accounts and accessing services affected by ransomware, as it prevents unauthorized access even if passwords are compromised. Therefore, MFA is prioritized for critical accounts like financial and email to protect sensitive data and operations. Okay, let's tackle this question.",Australian Small Businesses (SMBs) --REQUIRES--> Multi-factor authentication (MFA) ||| Administrative accounts (servers/NAS) --REQUIRES--> Strong passphrase or multi-factor authentication ||| Business devices (before disposal) --REQUIRES--> Perform a factory reset ||| Ransomware --REQUIRES--> Require multi-factor authentication to access services,9.981040716171265,ok,MFA is prioritised for financial and email accounts for maximum effect because it is one of the most effective ways to protect valuable information and accounts.,"Australian Small Businesses (SMB) require MFA for their systems, which enhances security by adding an extra layer beyond just passwords. This is also necessary for administrative accounts and accessing services affected by ransomware, as it prevents unauthorized access even if passwords are compromised. Therefore, MFA is prioritized for critical accounts like financial and email to protect sensitive data and operations. Okay, let's tackle this question.",Australian Small Businesses (SMBs) --REQUIRES--> Multi-factor authentication (MFA) Administrative accounts (servers/NAS) --REQUIRES--> Strong passphrase or multi-factor authentication Business devices (before disposal) --REQUIRES--> Perform a factory reset Ransomware --REQUIRES--> Require multi-factor authentication to access services,0.0,0.005053569097071886,0.0005979581037536263,0.9975675417921642,0.9194850513681329,0.34615384615384615,0.0005979581037536263,0.002432458207835775,0.34615384615384615
graph_qwen,Q30,What should be done with at least one backup of important data to protect against natural disasters or theft?,"At least one backup should always be kept disconnected from the device, preferably at an offsite location, in case of natural disasters or theft.","The provided facts indicate that SMEs in Australia and New Zealand face frequent cybercrime threats, occurring at least once every 10 minutes. To mitigate risks associated with such incidents, it is crucial to implement robust cybersecurity measures. However, the given facts do not specify actions related to backing up data for natural disasters or theft prevention. I do not have enough information to provide specific recommendations on data backups for those scenarios.","The provided facts indicate that SMEs in Australia and New Zealand face frequent cybercrime threats, occurring at least once every 10 minutes. To mitigate risks associated with such incidents, it is crucial to implement robust cybersecurity measures. However, the given facts do not specify actions related to backing up data for natural disasters or theft prevention. I do not have enough information to provide specific recommendations on data backups for those scenarios.",SMEs (Australia and New Zealand) --TARGETS--> Cybercrime (at least once in every 10 minutes in Australia),8.882604837417603,ok,"At least one backup should always be kept disconnected from the device, preferably at an offsite location, in case of natural disasters or theft.","The provided facts indicate that SMEs in Australia and New Zealand face frequent cybercrime threats, occurring at least once every 10 minutes. To mitigate risks associated with such incidents, it is crucial to implement robust cybersecurity measures. However, the given facts do not specify actions related to backing up data for natural disasters or theft prevention. I do not have enough information to provide specific recommendations on data backups for those scenarios.",SMEs (Australia and New Zealand) --TARGETS--> Cybercrime (at least once in every 10 minutes in Australia),0.0,0.0015771063044667244,0.009107067249715328,0.9873199439986511,3.173968237165231e-05,0.2916666666666667,0.009107067249715328,0.012680056001348916,0.2916666666666667
