pipeline,id,question,gold_answer,model_answer,latency_sec,model_answer_clean
graph_qwen,Q1,What are the three basic security measures the Small Business Cyber Security Guide recommends as a starting point for SMBs?,"The guide recommends turning on multi-factor authentication, updating software, and backing up information as basic security measures.","The Small Business Cyber Security Guide recommends multi-factor authentication (MFA) as a basic security measure, as it is advised by the Australian Cyber Security Centre (ACSC). Additionally, SMBs are noted to be less likely to implement cybersecurity measures, highlighting the need for such recommendations. However, the knowledge graph does not provide specific information on the other two basic security measures recommended by the guide. I do not have enough information from the knowledge graph to answer this question.",18.651781797409058,"The Small Business Cyber Security Guide recommends multi-factor authentication (MFA) as a basic security measure, as it is advised by the Australian Cyber Security Centre (ACSC). Additionally, SMBs are noted to be less likely to implement cybersecurity measures, highlighting the need for such recommendations. However, the knowledge graph does not provide specific information on the other two basic security measures recommended by the guide. I do not have enough information from the knowledge graph to answer this question."
graph_qwen,Q2,Which Australian government agency provides advice and has a 24/7 hotline for cyber security support?,"The Australian Cyber Security Centre (ACSC) provides advice and support, including through a 24/7 hotline.","The Cyber Incident Review Board (CIRB) is responsible for issuing advice to government and industry on how to avoid recurrence of incidents, but there is no specific mention of a 24/7 hotline in the provided facts. The National Cyber Security Coordinator (Cyber Coordinator) coordinates whole-of-government incident response efforts, but the facts do not explicitly state that this agency provides a 24/7 hotline for cybersecurity support. Therefore, based on the given information, it is not possible to identify which Australian government agency provides a 24/7 hotline for cybersecurity support. I do not have enough information from the knowledge graph to answer this question.",16.887527465820312,"The Cyber Incident Review Board (CIRB) is responsible for issuing advice to government and industry on how to avoid recurrence of incidents, but there is no specific mention of a 24/7 hotline in the provided facts. The National Cyber Security Coordinator (Cyber Coordinator) coordinates whole-of-government incident response efforts, but the facts do not explicitly state that this agency provides a 24/7 hotline for cybersecurity support. Therefore, based on the given information, it is not possible to identify which Australian government agency provides a 24/7 hotline for cybersecurity support. I do not have enough information from the knowledge graph to answer this question."
graph_qwen,Q3,"What types of scams do cybercriminals use to target small businesses, and what are the goals of these scams?","Cybercriminals use email, text messages, phone calls, and social media scams, often pretending to be a trusted person or organization. Their goal is to scam staff into sending money/gift cards, clicking malicious links, or giving away sensitive information like passwords.","Cybercriminals target small businesses through data breaches, which involve stealing business data. This data is valuable to cybercriminals as it can be used for various malicious purposes. The use of NAS or other servers makes these businesses attractive targets. Micro-sized enterprises are especially vulnerable due to their limited resources and less sophisticated security measures.",17.816667318344116,"Cybercriminals target small businesses through data breaches, which involve stealing business data. This data is valuable to cybercriminals as it can be used for various malicious purposes. The use of NAS or other servers makes these businesses attractive targets. Micro-sized enterprises are especially vulnerable due to their limited resources and less sophisticated security measures."
graph_qwen,Q4,What critical challenge did the Western Australia study identify as the biggest hindrance to cybersecurity for SMBs?,"The biggest hindrance to cybersecurity found by the study was the lack of funds, coupled with a lack of knowledge on where to start implementing good security practices.","The Western Australia study identified that the lack of understanding and prioritisation of critical assets, systems, and data poses a significant challenge to cybersecurity for SMBs. This is because the NIST Identify Function (CSF) requires organisations to understand and prioritise these elements, which many SMBs may not adequately address. Additionally, the evolving nature of cybersecurity threats, driven by non-prescriptive mandates, means that SMBs must continuously adapt their strategies. The study highlights that without proper prioritisation, SMBs are more vulnerable to cyber-attacks that can threaten their existence and profitability.",17.75304627418518,"The Western Australia study identified that the lack of understanding and prioritisation of critical assets, systems, and data poses a significant challenge to cybersecurity for SMBs. This is because the NIST Identify Function (CSF) requires organisations to understand and prioritise these elements, which many SMBs may not adequately address. Additionally, the evolving nature of cybersecurity threats, driven by non-prescriptive mandates, means that SMBs must continuously adapt their strategies. The study highlights that without proper prioritisation, SMBs are more vulnerable to cyber-attacks that can threaten their existence and profitability."
graph_qwen,Q5,What is the purpose of the Notifiable Data Breaches (NDB) legislation regarding reporting obligations for organizations?,The NDB legislation requires an organization to notify affected individuals and the Office of the Australian Information Commissioner (OAIC) as soon as practicable of a material data breach.,"The Notifiable Data Breaches (NDB) scheme requires organizations to notify affected individuals and the Office of the Australian Information Commissioner (OAIC) of a material data breach. This ensures transparency and allows affected individuals to take necessary actions, while also enabling the OAIC to monitor and enforce compliance with data protection laws. The reporting obligation is triggered when a breach involves unauthorized access, disclosure, or loss of personal information, and it emphasizes the importance of timely and accurate communication in mitigating potential harm. I do not have enough information from the knowledge graph to answer this question.",17.895528554916382,"The Notifiable Data Breaches (NDB) scheme requires organizations to notify affected individuals and the Office of the Australian Information Commissioner (OAIC) of a material data breach. This ensures transparency and allows affected individuals to take necessary actions, while also enabling the OAIC to monitor and enforce compliance with data protection laws. The reporting obligation is triggered when a breach involves unauthorized access, disclosure, or loss of personal information, and it emphasizes the importance of timely and accurate communication in mitigating potential harm. I do not have enough information from the knowledge graph to answer this question."
graph_qwen,Q6,What is the role of MFA (Multi-factor authentication) in protecting online accounts for small businesses?,"MFA is one of the most effective ways to protect online accounts and applications from cyber criminals, acting as a two-step verification to verify a user’s identity.","MFA plays a crucial role in protecting online accounts for small businesses by adding an extra layer of security beyond just passwords. According to the knowledge graph, Australian SMBs are required to implement MFA, and it is also necessary for accessing administrative accounts and services affected by ransomware. This ensures that even if a password is compromised, unauthorized access is prevented through the additional verification step. The requirement for MFA across various critical systems highlights its importance in safeguarding sensitive business data and operations.",17.797718048095703,"MFA plays a crucial role in protecting online accounts for small businesses by adding an extra layer of security beyond just passwords. According to the knowledge graph, Australian SMBs are required to implement MFA, and it is also necessary for accessing administrative accounts and services affected by ransomware. This ensures that even if a password is compromised, unauthorized access is prevented through the additional verification step. The requirement for MFA across various critical systems highlights its importance in safeguarding sensitive business data and operations."
graph_qwen,Q7,What are the two primary reasons why SMEs are highly important entities to threat actors?,"SMEs are highly important to threat actors because they are easier targets to exploit, and they often serve as a gateway to larger organizations or targeted high-profile victims [F11. CITRENZ_2022_paper_3899.pdf].","The two primary reasons why SMEs are highly important entities to threat actors are that they often have limited cybersecurity resources, making them easier targets, and they may serve as a stepping stone for more significant attacks on larger organizations. Additionally, the ASD Essential 8 and ASD Top 4 guidelines can cause confusion for SMEs, potentially leading to inadequate security measures. This confusion may result in vulnerabilities that threat actors can exploit more effectively. SMEs are also critical to the Australian economy, making them strategic targets for disruption or data theft.",17.878070831298828,"The two primary reasons why SMEs are highly important entities to threat actors are that they often have limited cybersecurity resources, making them easier targets, and they may serve as a stepping stone for more significant attacks on larger organizations. Additionally, the ASD Essential 8 and ASD Top 4 guidelines can cause confusion for SMEs, potentially leading to inadequate security measures. This confusion may result in vulnerabilities that threat actors can exploit more effectively. SMEs are also critical to the Australian economy, making them strategic targets for disruption or data theft."
graph_qwen,Q8,What should small businesses be aware of if they pay a ransom during a ransomware incident?,"Paying a ransom does not guarantee that the files will be restored, and it increases the likelihood of the victim being targeted again.","Small businesses should be aware that paying a ransom during a ransomware incident does not guarantee the recovery of their data or the prevention of future attacks. They may also face legal and reputational risks, as well as potential financial losses. Additionally, they might inadvertently encourage further attacks by the cybercriminals. It is crucial for them to have a robust cybersecurity strategy in place, including regular backups and incident response plans.",17.805838584899902,"Small businesses should be aware that paying a ransom during a ransomware incident does not guarantee the recovery of their data or the prevention of future attacks. They may also face legal and reputational risks, as well as potential financial losses. Additionally, they might inadvertently encourage further attacks by the cybercriminals. It is crucial for them to have a robust cybersecurity strategy in place, including regular backups and incident response plans."
graph_qwen,Q9,What is the purpose of the proposed Cyber Health-Check Program under the 2023–2030 Australian Cyber Security Strategy?,"The program will offer a free, tailored assessment of cyber security maturity to small and medium businesses, along with educational tools and materials to help them improve their cyber security posture.","The purpose of the proposed Cyber Health-Check Program under the 2023–2030 Australian Cyber Security Strategy is to enhance the cybersecurity resilience of critical services, including telecommunication networks and health systems, by identifying and mitigating potential threats. This initiative aligns with efforts to build the capability of Australia’s health system to recognize and respond to cyber threats, as highlighted by the Threat Sharing Acceleration Fund. Additionally, it supports the ASD’s limited use obligation by ensuring that voluntarily shared information is appropriately managed for regulatory purposes, thereby fostering a collaborative and secure cyber environment. The program aims to proactively address vulnerabilities and strengthen the overall cybersecurity posture of essential sectors.",17.91775345802307,"The purpose of the proposed Cyber Health-Check Program under the 2023–2030 Australian Cyber Security Strategy is to enhance the cybersecurity resilience of critical services, including telecommunication networks and health systems, by identifying and mitigating potential threats. This initiative aligns with efforts to build the capability of Australia’s health system to recognize and respond to cyber threats, as highlighted by the Threat Sharing Acceleration Fund. Additionally, it supports the ASD’s limited use obligation by ensuring that voluntarily shared information is appropriately managed for regulatory purposes, thereby fostering a collaborative and secure cyber environment. The program aims to proactively address vulnerabilities and strengthen the overall cybersecurity posture of essential sectors."
graph_qwen,Q10,What function does Application Control serve in preventing threats on systems?,"Application control is an effective way to prevent malicious code from executing on workstations and servers, and to ensure only approved applications can execute.","Application Control helps prevent threats by ensuring only authorized applications can run on systems, thereby reducing the risk of malicious software execution. It limits the ability of cybercriminals to deploy harmful programs that could compromise system integrity. This function is crucial in maintaining a secure environment by restricting unauthorized or potentially dangerous applications. By controlling which applications are allowed, it minimizes the attack surface and enhances overall system security.",18.03890895843506,"Application Control helps prevent threats by ensuring only authorized applications can run on systems, thereby reducing the risk of malicious software execution. It limits the ability of cybercriminals to deploy harmful programs that could compromise system integrity. This function is crucial in maintaining a secure environment by restricting unauthorized or potentially dangerous applications. By controlling which applications are allowed, it minimizes the attack surface and enhances overall system security."
graph_qwen,Q11,What are the consequences of an inadequate cybersecurity strategy for SMBs?,"Inadequate cybersecurity strategies make SMBs vulnerable to reputational damage, financial and legal consequences, and risk business insolvency [1-s2.0-S0167404824003316-main.pdf].","The consequences of an inadequate cybersecurity strategy for SMBs include a heightened risk of cyberattacks due to the lack of cybersecurity monitoring tools and capabilities, as well as a weak understanding of cybersecurity and control methods, particularly in the cloud context. Many SMBs also lack dedicated cybersecurity resources, such as funds, time, and expertise, which hinders their ability to implement effective security measures. Additionally, a significant portion of SMBs either do not know about cybersecurity frameworks or feel there is insufficient information available, making it difficult for them to adopt appropriate security practices. This situation is exacerbated by the increased digitalization, which raises cybersecurity risks and the need for robust risk management strategies.",18.33727526664734,"The consequences of an inadequate cybersecurity strategy for SMBs include a heightened risk of cyberattacks due to the lack of cybersecurity monitoring tools and capabilities, as well as a weak understanding of cybersecurity and control methods, particularly in the cloud context. Many SMBs also lack dedicated cybersecurity resources, such as funds, time, and expertise, which hinders their ability to implement effective security measures. Additionally, a significant portion of SMBs either do not know about cybersecurity frameworks or feel there is insufficient information available, making it difficult for them to adopt appropriate security practices. This situation is exacerbated by the increased digitalization, which raises cybersecurity risks and the need for robust risk management strategies."
graph_qwen,Q12,"According to the ISM, what action should system owners take after a system is defined and controls are selected but before it is granted authorization to operate?","System owners should implement controls for the system and its operating environment, and the details of their actual implementation should be documented in the system’s system security plan annex.","I do not have enough information from the knowledge graph to answer this question. Okay, let's see. The user is asking about the ISM (Information Security Manual) and what action system owners should take after defining a system and selecting controls but before authorization to operate. Hmm, the provided facts are all about Australian small businesses and their cybersecurity requirements, related issues, and targets.",18.365676164627075,"I do not have enough information from the knowledge graph to answer this question. Okay, let's see. The user is asking about the ISM (Information Security Manual) and what action system owners should take after defining a system and selecting controls but before authorization to operate. Hmm, the provided facts are all about Australian small businesses and their cybersecurity requirements, related issues, and targets."
graph_qwen,Q13,What is the importance of having an IT asset inventory in a business?,"Maintaining an IT asset inventory facilitates efficient tracking and awareness of the technology endpoints present in the business, and its absence hinders efficient management and protection of resources [291, 1-s2.0-S0167404824003316-main.pdf].","The importance of having an IT asset inventory in a business lies in its role in understanding and prioritising critical assets, systems, and data, as highlighted by the NIST Identify Function (CSF). This process enables organisations to identify what needs protection, assess risks effectively, and allocate resources efficiently. By maintaining an accurate inventory, businesses can ensure they are prepared for potential threats and can respond swiftly to incidents. It also supports compliance with cybersecurity frameworks and enhances overall security postures.",18.110392808914185,"The importance of having an IT asset inventory in a business lies in its role in understanding and prioritising critical assets, systems, and data, as highlighted by the NIST Identify Function (CSF). This process enables organisations to identify what needs protection, assess risks effectively, and allocate resources efficiently. By maintaining an accurate inventory, businesses can ensure they are prepared for potential threats and can respond swiftly to incidents. It also supports compliance with cybersecurity frameworks and enhances overall security postures."
graph_qwen,Q14,"What are the risks associated with outsourcing cloud services, according to the Information Security Manual (ISM)?",Outsourced cloud services may be located offshore and subject to lawful and covert data collection without their customers’ knowledge.,"The Information Security Manual (ISM) highlights that outsourcing cloud services can introduce cyber security risks, particularly due to the potential for increased vulnerabilities in the supply chain. The Cyber Wardens Program is designed to mitigate these risks by addressing security threats and ensuring compliance with national security standards. Additionally, the lack of awareness of NDB legislation can lead to compliance risks, which may be exacerbated when managing third-party services. Small businesses that outsource IT support often face challenges in maintaining adequate oversight of cyber security risks, as noted in the responsibilities of SME directors.",18.12582397460937,"The Information Security Manual (ISM) highlights that outsourcing cloud services can introduce cyber security risks, particularly due to the potential for increased vulnerabilities in the supply chain. The Cyber Wardens Program is designed to mitigate these risks by addressing security threats and ensuring compliance with national security standards. Additionally, the lack of awareness of NDB legislation can lead to compliance risks, which may be exacerbated when managing third-party services. Small businesses that outsource IT support often face challenges in maintaining adequate oversight of cyber security risks, as noted in the responsibilities of SME directors."
graph_qwen,Q15,What measure does the ACSC recommend staff take when receiving payment requests or bank detail changes via email?,"The most effective mitigation measure is to call the sender using independently verified contact details to confirm the request is legitimate, and not to use the contact details sent in the potentially fraudulent email.","The ACSC recommends that staff verify the authenticity of payment requests or bank detail changes via email through multi-factor authentication (MFA), as MFA is identified as a recommended basic security measure. Additionally, small businesses are advised to read ACSC resources on website security to ensure they are aware of best practices. Ransomware incidents require reporting to the ACSC, highlighting the importance of maintaining secure practices to prevent such threats. SMEs often prioritize business growth over security measures, making it crucial for them to implement recommended security protocols like MFA to protect against cyber threats.",18.09554243087769,"The ACSC recommends that staff verify the authenticity of payment requests or bank detail changes via email through multi-factor authentication (MFA), as MFA is identified as a recommended basic security measure. Additionally, small businesses are advised to read ACSC resources on website security to ensure they are aware of best practices. Ransomware incidents require reporting to the ACSC, highlighting the importance of maintaining secure practices to prevent such threats. SMEs often prioritize business growth over security measures, making it crucial for them to implement recommended security protocols like MFA to protect against cyber threats."
graph_qwen,Q16,What two key components make up the Adaptive Positive and Negative weight Comparison Decoding (PNCD) strategy?,"The PNCD strategy consists of a penalty factor designed to reduce the negative impact of non-expert context, and a dynamic uncertainty enhancement factor designed to enhance the positive contribution of expert context.","I do not have enough information from the knowledge graph to answer this question. The provided facts do not mention anything about the Adaptive Positive and Negative weight Comparison Decoding (PNCD) strategy or its components. The only fact available relates to the Australian Government's role in co-designing supply chain principles, which is unrelated to the PNCD strategy. Therefore, it is not possible to determine the two key components of the PNCD strategy based on the given facts.",18.09464836120605,"I do not have enough information from the knowledge graph to answer this question. The provided facts do not mention anything about the Adaptive Positive and Negative weight Comparison Decoding (PNCD) strategy or its components. The only fact available relates to the Australian Government's role in co-designing supply chain principles, which is unrelated to the PNCD strategy. Therefore, it is not possible to determine the two key components of the PNCD strategy based on the given facts."
graph_qwen,Q17,What problem does the PNCD framework aim to address in the medical domain for LLMs?,"The PNCD framework focuses on the problem of hallucination under the influence of noisy text environments for LLMs, and investigates the model's ability to cope with hallucination and complex text processing.","I do not have enough information from the knowledge graph to answer this question. Okay, let's see. The user is asking about the PNCD framework and its aim in the medical domain for LLMs. First, I need to check the provided facts to see if there's any mention of PNCD, medical domain, or LLMs.",18.16970729827881,"I do not have enough information from the knowledge graph to answer this question. Okay, let's see. The user is asking about the PNCD framework and its aim in the medical domain for LLMs. First, I need to check the provided facts to see if there's any mention of PNCD, medical domain, or LLMs."
graph_qwen,Q18,"What AI model was identified as the most potent for formulating cyber security policies for SMEs, according to one source?",The GPT-4 model was identified as the most potent AI model for formulating cyber security policies for SMEs [2306.02612v1 (1).pdf].,"The GPT-4 model was identified as the most potent AI model for formulating cyber security policies for SMEs, according to one source. The GPT-4 model was identified as the most potent AI model for formulating cyber security policies for SMEs, according to one source. The GPT-4 model was identified as the most potent AI model for formulating cyber security policies for SMEs, according to one source. The GPT-4 model was identified as the most potent AI model for formulating cyber security policies for SMEs, according to one source.",18.012953281402588,"The GPT-4 model was identified as the most potent AI model for formulating cyber security policies for SMEs, according to one source. The GPT-4 model was identified as the most potent AI model for formulating cyber security policies for SMEs, according to one source. The GPT-4 model was identified as the most potent AI model for formulating cyber security policies for SMEs, according to one source. The GPT-4 model was identified as the most potent AI model for formulating cyber security policies for SMEs, according to one source."
graph_qwen,Q19,What is the purpose of the RAG framework within the PNCD decoding strategy?,"RAG technology is the core mechanism supporting the collaborative work between expert and non-expert LLMs, constructing authoritative knowledge bases and adversarial noise bases via retrieval.","I do not have enough information from the knowledge graph to answer this question. The provided facts do not mention the RAG framework or its role in the PNCD decoding strategy. The knowledge graph contains details about cybersecurity frameworks like NIST CSF, Essential Eight, and ISO 27001, but none relate to RAG or PNCD. Therefore, the question cannot be addressed with the available information.",18.03252458572388,"I do not have enough information from the knowledge graph to answer this question. The provided facts do not mention the RAG framework or its role in the PNCD decoding strategy. The knowledge graph contains details about cybersecurity frameworks like NIST CSF, Essential Eight, and ISO 27001, but none relate to RAG or PNCD. Therefore, the question cannot be addressed with the available information."
graph_qwen,Q20,What are the three principal optimization paradigms established for LLM refinement?,"The three principal optimization paradigms for LLM refinement are Parameter-efficient fine-tuning (e.g., P-tuning and LoRA), Knowledge enhancement strategies (e.g., RAG and knowledge distillation), and Prompt engineering.","I do not have enough information from the knowledge graph to answer this question. The provided facts only mention the Cyber Wardens program and its goal to train 50,000 individuals across Australia over three years. There is no information related to LLM refinement or optimization paradigms in the given facts. The knowledge graph does not contain data about machine learning models or their refinement techniques.",18.202396631240845,"I do not have enough information from the knowledge graph to answer this question. The provided facts only mention the Cyber Wardens program and its goal to train 50,000 individuals across Australia over three years. There is no information related to LLM refinement or optimization paradigms in the given facts. The knowledge graph does not contain data about machine learning models or their refinement techniques."
graph_qwen,Q21,What is the main finding regarding cyber threat perception among SMBs in the Western Australia study?,"Factors such as organizational size, industry sector, and revenue level did not significantly impact SMBs’ perception of vulnerability to cyber threats.","The study highlights that small and medium-sized businesses (SMBs) in Western Australia are particularly concerned about data privacy and ethical implications related to the use of large language models (LLMs). These concerns are closely tied to the broader issues of cybersecurity, where employees and business owners are identified as the main actors in recognizing, responding to, and recovering from cyber-attacks. The findings emphasize the need for increased awareness and preparedness among SMBs to address these emerging threats effectively. I do not have enough information from the knowledge graph to answer this question.",18.083409786224365,"The study highlights that small and medium-sized businesses (SMBs) in Western Australia are particularly concerned about data privacy and ethical implications related to the use of large language models (LLMs). These concerns are closely tied to the broader issues of cybersecurity, where employees and business owners are identified as the main actors in recognizing, responding to, and recovering from cyber-attacks. The findings emphasize the need for increased awareness and preparedness among SMBs to address these emerging threats effectively. I do not have enough information from the knowledge graph to answer this question."
graph_qwen,Q22,"What is Ransomware, and how does it usually demand payment?","Ransomware is a common and dangerous type of malware that locks up or encrypts files, demanding a ransom, usually in the form of cryptocurrency, to restore access.","Ransomware is a type of malware that encrypts a victim's data and demands payment, typically in cryptocurrency, to restore access. It usually demands payment through encrypted messages or emails, often threatening to delete or leak data if the ransom is not paid. The knowledge graph indicates that cyber extortion, which involves ransomware, requires a ransomware playbook for preparation and response. Additionally, the principles of 'no-fault' and 'no-liability' protection can reduce businesses' confidence in reporting such incidents, potentially leading to major impacts on their operations.",18.15230798721313,"Ransomware is a type of malware that encrypts a victim's data and demands payment, typically in cryptocurrency, to restore access. It usually demands payment through encrypted messages or emails, often threatening to delete or leak data if the ransom is not paid. The knowledge graph indicates that cyber extortion, which involves ransomware, requires a ransomware playbook for preparation and response. Additionally, the principles of 'no-fault' and 'no-liability' protection can reduce businesses' confidence in reporting such incidents, potentially leading to major impacts on their operations."
graph_qwen,Q23,What specific information does Engineers Australia suggest should be reported regarding ransomware incidents?,"Engineers Australia supports reporting the scope of the attack, the timeframe under which it happened, the entry point, the type of attack, and what data was targeted.","Engineers Australia is not mentioned in the provided facts. The facts indicate that ransomware reporting for businesses (proposed) requires information on attack scope, timeframe, entry point, type, and data targeted. However, there is no specific mention of Engineers Australia suggesting any particular information for ransomware reporting. Therefore, based on the given facts, the specific information required for ransomware reporting is as outlined.",18.019660472869877,"Engineers Australia is not mentioned in the provided facts. The facts indicate that ransomware reporting for businesses (proposed) requires information on attack scope, timeframe, entry point, type, and data targeted. However, there is no specific mention of Engineers Australia suggesting any particular information for ransomware reporting. Therefore, based on the given facts, the specific information required for ransomware reporting is as outlined."
graph_qwen,Q24,What are the typical barriers that small businesses face when trying to improve their cyber security culture?,"Barriers include not knowing where to begin, feeling intimidated by technical jargon, overwhelmed by not knowing what steps to take, and doubting that they have the time, resources, or digital literacy.","The 2020 Cyber Security Strategy revision requires specifically considering barriers to small businesses improving cyber security. This indicates that the strategy acknowledges the existence of such barriers, though the exact nature of these barriers is not detailed in the provided facts. The focus is on addressing these challenges to enhance the cyber security culture within small businesses. Without additional information, it is not possible to specify the particular obstacles they encounter.",17.983124256134033,"The 2020 Cyber Security Strategy revision requires specifically considering barriers to small businesses improving cyber security. This indicates that the strategy acknowledges the existence of such barriers, though the exact nature of these barriers is not detailed in the provided facts. The focus is on addressing these challenges to enhance the cyber security culture within small businesses. Without additional information, it is not possible to specify the particular obstacles they encounter."
graph_qwen,Q25,What mitigating measure can be taken to prevent staff from neglecting to collect printed sensitive documents from Multifunction Devices (MFDs)?,"MFDs should implement authentication measures that are of the same strength as used for other devices on the same network, such as requiring multi-factor authentication if user workstations require it.","The ASD Essential Eight provides a useful benchmark for measuring cybersecurity posture, which includes implementing measures to secure sensitive data. Small and medium enterprises (SMEs) often prioritize business growth over security, making them more vulnerable to data breaches. To prevent staff from neglecting to collect printed sensitive documents from MFDs, implementing multi-factor authentication (MFA) is recommended as a basic security measure by the Australian Cyber Security Centre (ACSC). Additionally, ensuring that sensitive data is encrypted and access controls are in place can help prevent unauthorized access and data leakage.",18.37353229522705,"The ASD Essential Eight provides a useful benchmark for measuring cybersecurity posture, which includes implementing measures to secure sensitive data. Small and medium enterprises (SMEs) often prioritize business growth over security, making them more vulnerable to data breaches. To prevent staff from neglecting to collect printed sensitive documents from MFDs, implementing multi-factor authentication (MFA) is recommended as a basic security measure by the Australian Cyber Security Centre (ACSC). Additionally, ensuring that sensitive data is encrypted and access controls are in place can help prevent unauthorized access and data leakage."
graph_qwen,Q26,What key vulnerability arises when small businesses rely heavily on outsourced IT arrangements for cybersecurity?,Outsourcing may lead to gaps in the owner’s cyber security knowledge about which security measures are actually being implemented to protect their business.,"The key vulnerability arises from the lack of competence among employees, which causes them to be more susceptible to social engineering attacks like phishing. Additionally, small business owners and employees tend to underestimate their vulnerability, with only 35% feeling at risk. This underestimation, combined with reliance on secure-by-design platforms, may lead to insufficient security measures. The use of AI, ML, and LLMs can mitigate increased vulnerability, but it is not a guaranteed solution.",18.09261703491211,"The key vulnerability arises from the lack of competence among employees, which causes them to be more susceptible to social engineering attacks like phishing. Additionally, small business owners and employees tend to underestimate their vulnerability, with only 35% feeling at risk. This underestimation, combined with reliance on secure-by-design platforms, may lead to insufficient security measures. The use of AI, ML, and LLMs can mitigate increased vulnerability, but it is not a guaranteed solution."
graph_qwen,Q27,What should small businesses do with their devices before selling or disposing of them?,"Devices should be reset, likely through a factory reset, before selling or disposing of business devices.","Small businesses should ensure their devices are securely wiped or destroyed to prevent data breaches, as unprotected devices pose significant risks. The knowledge graph indicates that 94% of SMEs in WA have unprotected devices, highlighting the need for proper disposal practices. Antivirus countermeasures and regular patching mitigate risks from unprotected devices, suggesting that thorough security measures should be applied before disposal. Additionally, government and large businesses are responsible for assisting small businesses in upgrading cybersecurity, which may include guidance on secure device disposal.",18.13926362991333,"Small businesses should ensure their devices are securely wiped or destroyed to prevent data breaches, as unprotected devices pose significant risks. The knowledge graph indicates that 94% of SMEs in WA have unprotected devices, highlighting the need for proper disposal practices. Antivirus countermeasures and regular patching mitigate risks from unprotected devices, suggesting that thorough security measures should be applied before disposal. Additionally, government and large businesses are responsible for assisting small businesses in upgrading cybersecurity, which may include guidance on secure device disposal."
graph_qwen,Q28,"Who is responsible for implementing the six-step risk management framework, including defining the system and selecting controls, for each system according to the ISM?",System owners are responsible for the implementation of the six-step risk management framework for each of their systems.,"The Australian Government is responsible for supporting safe and responsible use of AI, which may include guidelines or frameworks for risk management. However, the specific responsibility for implementing the six-step risk management framework, including defining the system and selecting controls, is not explicitly stated in the provided facts. The facts mention that employees and owners (SMEs) are main actors in recognizing, responding to, and recovering from cyber-attacks, but they do not specify their role in implementing risk management frameworks. Small businesses are noted to be intimidated by technical jargon and overwhelmed by steps to take, which might affect their ability to implement such frameworks independently.",18.354723691940308,"The Australian Government is responsible for supporting safe and responsible use of AI, which may include guidelines or frameworks for risk management. However, the specific responsibility for implementing the six-step risk management framework, including defining the system and selecting controls, is not explicitly stated in the provided facts. The facts mention that employees and owners (SMEs) are main actors in recognizing, responding to, and recovering from cyber-attacks, but they do not specify their role in implementing risk management frameworks. Small businesses are noted to be intimidated by technical jargon and overwhelmed by steps to take, which might affect their ability to implement such frameworks independently."
graph_qwen,Q29,Why is Multi-factor Authentication (MFA) prioritised for financial and email accounts in small businesses?,MFA is prioritised for financial and email accounts for maximum effect because it is one of the most effective ways to protect valuable information and accounts.,"Multi-factor authentication (MFA) is prioritised for financial and email accounts in small businesses because these accounts are critical assets that require robust security measures. According to the knowledge graph, Australian SMBs are required to implement MFA, and administrative accounts, which often manage sensitive data, also require MFA or strong passphrases. Additionally, ransomware attacks, which target critical systems, require MFA to access services, highlighting its role in preventing unauthorized access. By enforcing MFA, small businesses can significantly reduce the risk of security breaches and protect their financial and communication infrastructure.",17.783685445785522,"Multi-factor authentication (MFA) is prioritised for financial and email accounts in small businesses because these accounts are critical assets that require robust security measures. According to the knowledge graph, Australian SMBs are required to implement MFA, and administrative accounts, which often manage sensitive data, also require MFA or strong passphrases. Additionally, ransomware attacks, which target critical systems, require MFA to access services, highlighting its role in preventing unauthorized access. By enforcing MFA, small businesses can significantly reduce the risk of security breaches and protect their financial and communication infrastructure."
graph_qwen,Q30,What should be done with at least one backup of important data to protect against natural disasters or theft?,"At least one backup should always be kept disconnected from the device, preferably at an offsite location, in case of natural disasters or theft.","Based on the provided facts, the knowledge graph indicates that SMEs in Australia and New Zealand face frequent cybercrime threats, with at least one occurrence every 10 minutes. While the facts do not explicitly mention data backup strategies for natural disasters or theft, it is implied that robust cybersecurity measures are essential. To safeguard against such risks, SMEs should implement regular data backups. These backups should be stored securely, possibly offsite or in cloud environments, to ensure data recovery in case of incidents.",17.6707124710083,"Based on the provided facts, the knowledge graph indicates that SMEs in Australia and New Zealand face frequent cybercrime threats, with at least one occurrence every 10 minutes. While the facts do not explicitly mention data backup strategies for natural disasters or theft, it is implied that robust cybersecurity measures are essential. To safeguard against such risks, SMEs should implement regular data backups. These backups should be stored securely, possibly offsite or in cloud environments, to ensure data recovery in case of incidents."
graph_qwen,Q31,What kind of cyber threat information will the ACSC provide to major telecommunications providers to help block threats at scale?,"The ACSC will provide information about known malicious websites, malware, phishing campaigns, and online scams to boost providers’ ability to block threats at scale.","The ASD provides Australia’s major telecommunications providers with threat information, which helps in blocking threats at scale. This information is part of the ASD's responsibilities, as indicated by the fact that ASD is responsible for providing threat information to these providers. The ACSC, being related to ASD’s activities, likely contributes to this threat information sharing. The information shared is aimed at enhancing the security posture of telecommunications providers against cyber threats.",17.78605580329895,"The ASD provides Australia’s major telecommunications providers with threat information, which helps in blocking threats at scale. This information is part of the ASD's responsibilities, as indicated by the fact that ASD is responsible for providing threat information to these providers. The ACSC, being related to ASD’s activities, likely contributes to this threat information sharing. The information shared is aimed at enhancing the security posture of telecommunications providers against cyber threats."
graph_qwen,Q32,What key finding regarding cyber insurance uptake was revealed by the Cyber Wardens research?,Fewer than 1 in 4 (24%) small businesses have specialized cyber insurance protection despite a 23% increase in reported cyber attacks in the past 12 months.,"The Cyber Wardens research revealed that fewer than 1 in 4 small businesses, specifically 24%, have access to specialised cyber insurance protection. This indicates a significant gap in cybersecurity preparedness among Australian small businesses. The findings highlight the need for increased awareness and investment in cyber insurance to mitigate potential risks. The research underscores the importance of addressing this issue to enhance overall business resilience against cyber threats.",17.755850791931152,"The Cyber Wardens research revealed that fewer than 1 in 4 small businesses, specifically 24%, have access to specialised cyber insurance protection. This indicates a significant gap in cybersecurity preparedness among Australian small businesses. The findings highlight the need for increased awareness and investment in cyber insurance to mitigate potential risks. The research underscores the importance of addressing this issue to enhance overall business resilience against cyber threats."
graph_qwen,Q33,What legal advice must be sought before allowing privately-owned mobile devices to access systems or data?,Legal advice must be sought prior to allowing privately-owned mobile devices and desktop computers to access systems or data.,"Small businesses must consult with a legal professional to address legal obligations related to allowing privately-owned mobile devices to access systems or data. This requirement is part of the general need for consulting a legal professional for legal obligations. The knowledge graph indicates that small businesses require legal consultation for legal obligations, which may include data security and privacy regulations. Therefore, seeking legal advice is essential to ensure compliance with relevant laws and protect sensitive information.",17.984989643096924,"Small businesses must consult with a legal professional to address legal obligations related to allowing privately-owned mobile devices to access systems or data. This requirement is part of the general need for consulting a legal professional for legal obligations. The knowledge graph indicates that small businesses require legal consultation for legal obligations, which may include data security and privacy regulations. Therefore, seeking legal advice is essential to ensure compliance with relevant laws and protect sensitive information."
graph_qwen,Q34,How does the implementation of threat-blocking technology protect Australian citizens and businesses?,Supporting the roll-out of threat-blocking technology will prevent known malicious cyber threats from reaching Australian consumers and businesses.,"The implementation of threat-blocking technology helps protect Australian citizens and businesses by mitigating the challenges SMBs face in understanding where to start with cybersecurity. Cybersecurity frameworks like the Essential Eight, which are required for government entities and recommended for SMBs, provide structured approaches to enhance security. By adopting these frameworks, SMBs can better implement threat-blocking measures, aligning with the ASD’s guidelines to reduce vulnerabilities. This supports both public and private sectors in maintaining a robust cybersecurity posture.",18.664474487304688,"The implementation of threat-blocking technology helps protect Australian citizens and businesses by mitigating the challenges SMBs face in understanding where to start with cybersecurity. Cybersecurity frameworks like the Essential Eight, which are required for government entities and recommended for SMBs, provide structured approaches to enhance security. By adopting these frameworks, SMBs can better implement threat-blocking measures, aligning with the ASD’s guidelines to reduce vulnerabilities. This supports both public and private sectors in maintaining a robust cybersecurity posture."
graph_qwen,Q35,What are the functions covered by the NIST CSF Respond function as related to the WA SMB study?,"The NIST CSF Respond function covers response planning, communications, analysis, mitigation, and improvements [1-s2.0-S0167404824003316-main.pdf].","The NIST CSF Respond function is part of the cybersecurity frameworks that SMBs are responsible for adopting, which includes the ASD Essential Eight, NIST CSF, and ISO 27001. The ASD Essential Eight is related to NIST CSF and ISO 27001 as popular frameworks. However, the specific functions covered by the NIST CSF Respond function in the context of the WA SMB study are not detailed in the provided facts. I do not have enough information from the knowledge graph to answer this question.",18.29638123512268,"The NIST CSF Respond function is part of the cybersecurity frameworks that SMBs are responsible for adopting, which includes the ASD Essential Eight, NIST CSF, and ISO 27001. The ASD Essential Eight is related to NIST CSF and ISO 27001 as popular frameworks. However, the specific functions covered by the NIST CSF Respond function in the context of the WA SMB study are not detailed in the provided facts. I do not have enough information from the knowledge graph to answer this question."
graph_qwen,Q36,"According to the ISM, what must happen before intrusion activity is allowed to continue on a compromised system for the purpose of collecting data or evidence?",Legal advice must be sought before allowing intrusion activity to continue on a system for the purpose of collecting further data or evidence.,"The ISM does not have specific requirements mentioned in the provided facts regarding intrusion activity on a compromised system. The knowledge graph focuses on cybersecurity measures for Australian small businesses, such as implementing multi-factor authentication, ensuring software updates, and maintaining data backups. It also highlights the vulnerabilities and challenges faced by small businesses, including lack of resources and expertise. However, there is no information provided about the ISM's protocols for handling intrusion activities or data collection on compromised systems.",18.634081840515137,"The ISM does not have specific requirements mentioned in the provided facts regarding intrusion activity on a compromised system. The knowledge graph focuses on cybersecurity measures for Australian small businesses, such as implementing multi-factor authentication, ensuring software updates, and maintaining data backups. It also highlights the vulnerabilities and challenges faced by small businesses, including lack of resources and expertise. However, there is no information provided about the ISM's protocols for handling intrusion activities or data collection on compromised systems."
graph_qwen,Q37,What benefit does the existence of a documented Cyber Security Incident Response Plan provide to an organization?,"A documented Cyber Security Incident Response Plan is necessary for an organization to respond swiftly, efficiently, and effectively to any incident, thereby minimizing the impact.","The existence of a documented Cyber Security Incident Response Plan provides an organization with a structured approach to managing and mitigating the impacts of cyber security threats. This structured approach helps in minimizing the potential damage to the organization's operations, financial stability, and reputation. By having a clear plan in place, the organization can respond more effectively to incidents, thereby protecting its critical contributions to the economy and ensuring its continued existence and profitability. The plan also facilitates compliance with regulatory requirements and enhances overall preparedness against cyber threats.",18.212172985076904,"The existence of a documented Cyber Security Incident Response Plan provides an organization with a structured approach to managing and mitigating the impacts of cyber security threats. This structured approach helps in minimizing the potential damage to the organization's operations, financial stability, and reputation. By having a clear plan in place, the organization can respond more effectively to incidents, thereby protecting its critical contributions to the economy and ensuring its continued existence and profitability. The plan also facilitates compliance with regulatory requirements and enhances overall preparedness against cyber threats."
graph_qwen,Q38,What did the Western Australia study find regarding surveyed SMBs' use of IT professionals?,"It is encouraging that 66% of surveyed SMBs utilized skilled IT professionals either internally or through service providers, despite financial challenges.","The knowledge graph does not provide specific findings from a Western Australia study regarding surveyed SMBs' use of IT professionals. The only fact available indicates that SMBs in Western Australia are located in Western Australia. Without additional data on IT professional usage from studies, the question cannot be addressed based on the provided facts. I do not have enough information from the knowledge graph to answer this question.",18.41760945320129,"The knowledge graph does not provide specific findings from a Western Australia study regarding surveyed SMBs' use of IT professionals. The only fact available indicates that SMBs in Western Australia are located in Western Australia. Without additional data on IT professional usage from studies, the question cannot be addressed based on the provided facts. I do not have enough information from the knowledge graph to answer this question."
graph_qwen,Q39,What is the highest risk associated with using Microsoft Office macros?,"Malicious actors can create macros to perform a variety of malicious activities, such as assisting to compromise workstations in order to exfiltrate or deny access to data.","The highest risk associated with using Microsoft Office macros is the potential for malware infection, as macros can be exploited to deliver malicious payloads. This risk is part of the broader category of cyber security risks that SMEs often underestimate. Additionally, the use of macros without proper safeguards may lead to unauthorized access and data breaches, which are mitigated by implementing an IT asset inventory and regular patching. The Australian Government's framework for assessing national security risks of vendor products also highlights the importance of managing such risks through comprehensive security strategies.",18.331114530563354,"The highest risk associated with using Microsoft Office macros is the potential for malware infection, as macros can be exploited to deliver malicious payloads. This risk is part of the broader category of cyber security risks that SMEs often underestimate. Additionally, the use of macros without proper safeguards may lead to unauthorized access and data breaches, which are mitigated by implementing an IT asset inventory and regular patching. The Australian Government's framework for assessing national security risks of vendor products also highlights the importance of managing such risks through comprehensive security strategies."
graph_qwen,Q40,What kind of IT equipment configuration conflicts should prioritize the most restrictive guidance?,"In situations where ASD (Australian Signals Directorate) and vendor hardening guidance conflicts regarding IT equipment, precedence should be given to implementing the most restrictive guidance.","The knowledge graph indicates that centralising data requires secure configurations and restricted access. Therefore, IT equipment configurations that involve centralising data should prioritize the most restrictive guidance to ensure security. Additionally, micro, small, and medium enterprises face similar cybersecurity threats and vulnerabilities in a cloud context, suggesting that configurations for these businesses should also adhere to strict security measures. This implies that any configuration involving data centralization or cloud-based operations should follow the most restrictive security guidelines to mitigate risks effectively.",18.091254234313965,"The knowledge graph indicates that centralising data requires secure configurations and restricted access. Therefore, IT equipment configurations that involve centralising data should prioritize the most restrictive guidance to ensure security. Additionally, micro, small, and medium enterprises face similar cybersecurity threats and vulnerabilities in a cloud context, suggesting that configurations for these businesses should also adhere to strict security measures. This implies that any configuration involving data centralization or cloud-based operations should follow the most restrictive security guidelines to mitigate risks effectively."
graph_qwen,Q41,What is the objective of the Australian Government’s commitment to develop the Digital ID program?,The Digital ID program is being developed to reduce the need for people to share sensitive personal information with government and businesses to access services online.,"The objective of the Australian Government’s commitment to develop the Digital ID program is to enhance the security and efficiency of digital interactions by providing a trusted, secure, and interoperable digital identity framework. This initiative aligns with broader cybersecurity strategies, such as the ASD’s Essential Eight mitigation strategies, which aim to reduce the risk of compromise in government systems. By establishing a standardized digital identity solution, the program supports the government's efforts to strengthen national cybersecurity resilience and ensure secure access to online services for citizens and businesses. Additionally, it contributes to the whole-of-government approach to cybersecurity, fostering collaboration and trust across public and private sectors.",18.17948865890503,"The objective of the Australian Government’s commitment to develop the Digital ID program is to enhance the security and efficiency of digital interactions by providing a trusted, secure, and interoperable digital identity framework. This initiative aligns with broader cybersecurity strategies, such as the ASD’s Essential Eight mitigation strategies, which aim to reduce the risk of compromise in government systems. By establishing a standardized digital identity solution, the program supports the government's efforts to strengthen national cybersecurity resilience and ensure secure access to online services for citizens and businesses. Additionally, it contributes to the whole-of-government approach to cybersecurity, fostering collaboration and trust across public and private sectors."
graph_qwen,Q42,Why is keeping a directory of support and vendor contacts important for SMBs?,"Maintaining a directory of support and vendor contacts is essential for timely and efficient incident response, allowing SMBs to access necessary expertise and resources when needed.","Keeping a directory of support and vendor contacts is important for SMBs because it ensures they can quickly access the necessary resources when technical issues arise. This is particularly crucial as SMEs require investment in dedicated IT support or outsourcing, which necessitates maintaining up-to-date contact information for reliable service providers. Having such a directory also facilitates efficient communication and coordination with vendors, enhancing overall operational resilience. Additionally, it supports compliance with the Australian Government's responsibility to promote safe and responsible AI use by ensuring that businesses have the appropriate technical assistance in place.",18.04659652709961,"Keeping a directory of support and vendor contacts is important for SMBs because it ensures they can quickly access the necessary resources when technical issues arise. This is particularly crucial as SMEs require investment in dedicated IT support or outsourcing, which necessitates maintaining up-to-date contact information for reliable service providers. Having such a directory also facilitates efficient communication and coordination with vendors, enhancing overall operational resilience. Additionally, it supports compliance with the Australian Government's responsibility to promote safe and responsible AI use by ensuring that businesses have the appropriate technical assistance in place."
graph_qwen,Q43,What steps should be taken immediately if malicious code is detected on a system?,"Infected systems and media should be isolated immediately to prevent the infection from spreading, followed by using antivirus applications to potentially remove the infection, or restoring from a known good backup or rebuild if removal is unreliable.","The knowledge graph indicates that small businesses are often intimidated by technical jargon and overwhelmed by steps to take. Employees and owners (SMEs) are the main actors in recognizing, responding to, and recovering from cyber-attacks. Immediate steps should involve identifying the source of the malicious code, isolating affected systems, and notifying relevant personnel. SMEs must act swiftly to minimize damage and ensure a coordinated response.",18.636532306671143,"The knowledge graph indicates that small businesses are often intimidated by technical jargon and overwhelmed by steps to take. Employees and owners (SMEs) are the main actors in recognizing, responding to, and recovering from cyber-attacks. Immediate steps should involve identifying the source of the malicious code, isolating affected systems, and notifying relevant personnel. SMEs must act swiftly to minimize damage and ensure a coordinated response."
graph_qwen,Q44,What governance role do SME directors play regarding cyber security risk?,"SME directors have a key role in setting a tone from the top to build a culture of cyber resilience, and their duties are relevant to the oversight of cyber security risks.","SME directors play a governance role in managing cybersecurity risks by ensuring that user access is restricted to only what is necessary for each role, thereby adhering to the principle of least privilege. They are also responsible for overseeing cyber supply chain risk management activities, which involve identifying and addressing jurisdictional, governance, privacy, and security risks across the entire supply chain. This includes establishing policies and frameworks that align with regulatory requirements and organizational objectives. By actively engaging in these activities, directors help mitigate potential vulnerabilities and ensure the organization's resilience against cyber threats.",18.1270694732666,"SME directors play a governance role in managing cybersecurity risks by ensuring that user access is restricted to only what is necessary for each role, thereby adhering to the principle of least privilege. They are also responsible for overseeing cyber supply chain risk management activities, which involve identifying and addressing jurisdictional, governance, privacy, and security risks across the entire supply chain. This includes establishing policies and frameworks that align with regulatory requirements and organizational objectives. By actively engaging in these activities, directors help mitigate potential vulnerabilities and ensure the organization's resilience against cyber threats."
graph_qwen,Q45,What is the ASD’s Essential Eight (E8) and what is its goal?,The Essential Eight is the Australian Signals Directorate’s (ASD) prioritized list of mitigation strategies to assist businesses in protecting their systems against a range of adversaries.,"The ASD’s Essential Eight is a cybersecurity framework developed by the Australian Government to enhance the security of Australian businesses. It provides a baseline set of strategies aimed at mitigating common cyber threats. The framework is designed to be implemented at different maturity levels, with Small businesses typically applying Maturity Level One. The guide is related to the ASD’s Essential Eight maturity model and is part of the recommendations for adopting cybersecurity frameworks like NIST CSF and ISO 27000.",18.127365350723267,"The ASD’s Essential Eight is a cybersecurity framework developed by the Australian Government to enhance the security of Australian businesses. It provides a baseline set of strategies aimed at mitigating common cyber threats. The framework is designed to be implemented at different maturity levels, with Small businesses typically applying Maturity Level One. The guide is related to the ASD’s Essential Eight maturity model and is part of the recommendations for adopting cybersecurity frameworks like NIST CSF and ISO 27000."
graph_qwen,Q46,"What is the primary difference between a password and a passphrase, as defined in the ISM context?","A password is a sequence of characters used for authentication, while a passphrase is a sequence of words used for authentication.","I do not have enough information from the knowledge graph to answer this question. Okay, let me try to figure this out. The user is asking about the primary difference between a password and a passphrase in the context of ISM. First, I need to check the provided facts to see if there's any information related to passwords, passphrases, or ISM.",17.34079360961914,"I do not have enough information from the knowledge graph to answer this question. Okay, let me try to figure this out. The user is asking about the primary difference between a password and a passphrase in the context of ISM. First, I need to check the provided facts to see if there's any information related to passwords, passphrases, or ISM."
graph_qwen,Q47,What is the objective of hardening operating systems?,Hardening operating systems aims to configure them in an approved secure state to minimize the security risk of malicious actors gaining an initial foothold on networks.,"The objective of hardening operating systems is to enhance security by reducing vulnerabilities that could be exploited by malicious actors. This includes ensuring that all software and systems are up to date with the latest patches and updates, which is a requirement for preventing ransomware attacks. By maintaining an updated environment, the risk of successful cyberattacks is significantly minimized. Hardening also involves configuring systems to follow best practices, which aligns with the necessity of automatically updating operating systems, software, and applications as a preventive measure against ransomware.",18.44263744354248,"The objective of hardening operating systems is to enhance security by reducing vulnerabilities that could be exploited by malicious actors. This includes ensuring that all software and systems are up to date with the latest patches and updates, which is a requirement for preventing ransomware attacks. By maintaining an updated environment, the risk of successful cyberattacks is significantly minimized. Hardening also involves configuring systems to follow best practices, which aligns with the necessity of automatically updating operating systems, software, and applications as a preventive measure against ransomware."
graph_qwen,Q48,What must event logs produced by software ensure regarding sensitive data?,Event logs produced by software must ensure that any sensitive data within them is protected.,"I do not have enough information from the knowledge graph to answer this question. The provided facts only mention the relationship between enterprise size and data leakage prevention levels, but there is no information about the requirements for event logs concerning sensitive data. The question is about the specific assurances event logs must provide, which is not addressed in the given facts. Therefore, the knowledge graph does not contain the necessary details to answer this question.",18.623085975646973,"I do not have enough information from the knowledge graph to answer this question. The provided facts only mention the relationship between enterprise size and data leakage prevention levels, but there is no information about the requirements for event logs concerning sensitive data. The question is about the specific assurances event logs must provide, which is not addressed in the given facts. Therefore, the knowledge graph does not contain the necessary details to answer this question."
graph_qwen,Q49,What is the ACSC’s recommendation for small businesses regarding implementing the Essential Eight?,The ACSC recommends that small businesses implement Maturity Level One of the Essential Eight after completing the basic guidance provided in the small business cyber security guide.,"The ACSC recommends that small businesses implement the ASD Essential Eight as a baseline security measure, which is part of the ASD's responsibilities. This recommendation is aligned with the ACSC's guidance, as ASD is related to the ACSC. Small businesses are also required to read ACSC resources on website security, emphasizing the importance of following cybersecurity best practices. Additionally, the ACSC advises on antivirus software and other security measures to enhance overall protection.",18.383692741394043,"The ACSC recommends that small businesses implement the ASD Essential Eight as a baseline security measure, which is part of the ASD's responsibilities. This recommendation is aligned with the ACSC's guidance, as ASD is related to the ACSC. Small businesses are also required to read ACSC resources on website security, emphasizing the importance of following cybersecurity best practices. Additionally, the ACSC advises on antivirus software and other security measures to enhance overall protection."
graph_qwen,Q50,"What factor causes the vast majority of cyber attacks in Australia, according to research cited?",Research suggests the vast majority of cyber attacks in Australia involve human error.,"According to the research cited, human error is the factor that causes the vast majority of cyber attacks in Australia. The knowledge graph indicates a direct causal relationship between human error and these cyber attacks. This highlights the importance of addressing human factors in cybersecurity strategies for Australian small businesses. The data underscores that preventing human errors could significantly reduce the incidence of cyber attacks in the region.",18.087246417999268,"According to the research cited, human error is the factor that causes the vast majority of cyber attacks in Australia. The knowledge graph indicates a direct causal relationship between human error and these cyber attacks. This highlights the importance of addressing human factors in cybersecurity strategies for Australian small businesses. The data underscores that preventing human errors could significantly reduce the incidence of cyber attacks in the region."
graph_qwen,Q51,What two types of data bases are constructed using RAG retrieval for the PNCD framework?,The construction of authoritative knowledge base and adversarial noise base are constructed by RAG retrieval.,"I do not have enough information from the knowledge graph to answer this question. The provided facts do not mention anything about databases constructed using RAG retrieval for the PNCD framework. The knowledge graph contains information on data backups, ransomware, data breaches, and other cybersecurity aspects, but there is no reference to RAG retrieval or the PNCD framework. Therefore, it is not possible to determine the two types of databases based on the given facts.",18.38417339324951,"I do not have enough information from the knowledge graph to answer this question. The provided facts do not mention anything about databases constructed using RAG retrieval for the PNCD framework. The knowledge graph contains information on data backups, ransomware, data breaches, and other cybersecurity aspects, but there is no reference to RAG retrieval or the PNCD framework. Therefore, it is not possible to determine the two types of databases based on the given facts."
graph_qwen,Q52,What key finding about cyber risk perception among WA SMBs did the study report regarding internal versus external threats?,"SMBs were over-estimating the risk of unauthorized access by internal users while underestimating the risks of brute force attacks, payment redirection fraud, and accidental disclosure [1-s2.0-S0167404824003316-main.pdf].","The study found that WA SMBs have a low level of knowledge about cyber security risks, which is consistent with the broader trend observed in Australian SMBs. This lack of awareness leads to an underestimation of cyber risks, particularly when it comes to understanding the potential impact of both internal and external threats. While external threats like phishing and malware are more commonly recognized, internal risks such as data breaches and unauthorized access are often overlooked. The findings highlight the need for improved education and awareness programs to address these gaps in perception and enhance overall cybersecurity preparedness.",18.075883150100708,"The study found that WA SMBs have a low level of knowledge about cyber security risks, which is consistent with the broader trend observed in Australian SMBs. This lack of awareness leads to an underestimation of cyber risks, particularly when it comes to understanding the potential impact of both internal and external threats. While external threats like phishing and malware are more commonly recognized, internal risks such as data breaches and unauthorized access are often overlooked. The findings highlight the need for improved education and awareness programs to address these gaps in perception and enhance overall cybersecurity preparedness."
graph_qwen,Q53,What is a major challenge regarding SMEs' adoption of cloud computing services in Australia?,Security challenges are one of the critical factors that discourages SMEs to adopt cloud computing in Australia [paper_84.pdf].,"The major challenge regarding SMEs' adoption of cloud computing services in Australia is the concerns regarding data privacy and ethics linked to large language models (LLMs), which may deter businesses from fully utilizing these services due to potential risks and regulatory uncertainties. Additionally, the 'no-fault' and 'no-liability' protection principles contribute to a lack of confidence in reporting ransomware incidents, indirectly affecting cybersecurity practices. Human error remains a significant cause of cyber attacks, highlighting the need for better training and awareness among SMEs. Medium-sized businesses are more likely to implement Essential Eight strategies, indicating a disparity in cybersecurity preparedness across different business sizes.",18.134886503219604,"The major challenge regarding SMEs' adoption of cloud computing services in Australia is the concerns regarding data privacy and ethics linked to large language models (LLMs), which may deter businesses from fully utilizing these services due to potential risks and regulatory uncertainties. Additionally, the 'no-fault' and 'no-liability' protection principles contribute to a lack of confidence in reporting ransomware incidents, indirectly affecting cybersecurity practices. Human error remains a significant cause of cyber attacks, highlighting the need for better training and awareness among SMEs. Medium-sized businesses are more likely to implement Essential Eight strategies, indicating a disparity in cybersecurity preparedness across different business sizes."
graph_qwen,Q54,What must software developers ensure about the authoritative source for software they use in their development environment?,"They must ensure they are using a secure authoritative source for software to reduce security risks related to unauthorized access to source code, source code tampering, and other possible cyber supply chain attacks.","The facts provided do not directly address the requirements for software developers regarding the authoritative source of software in their development environment. The given information focuses on updating systems, software, and applications to mitigate risks like ransomware, but it does not specify any requirements related to the authoritative source of software. Therefore, I do not have enough information from the knowledge graph to answer this question. I do not have enough information from the knowledge graph to answer this question.",18.24628782272339,"The facts provided do not directly address the requirements for software developers regarding the authoritative source of software in their development environment. The given information focuses on updating systems, software, and applications to mitigate risks like ransomware, but it does not specify any requirements related to the authoritative source of software. Therefore, I do not have enough information from the knowledge graph to answer this question. I do not have enough information from the knowledge graph to answer this question."
graph_qwen,Q55,What are the core components of the risk management framework used by the ISM?,"The risk management framework used by the Information security manual has six steps: define the system, select controls, implement controls, assess controls, authorize the system, and monitor the system.","The ISM's risk management framework includes the Cyber Wardens Program, which mitigates cyber security risks and threats. It also incorporates the ASD’s Essential Eight mitigation strategies, which reduce the risk of compromise in government systems. Additionally, the framework emphasizes the importance of IT asset inventory to mitigate risks of unauthorized access and data breaches. The Australian Government's role in developing a framework for assessing national security risks of vendor products is also integral.",17.875926971435547,"The ISM's risk management framework includes the Cyber Wardens Program, which mitigates cyber security risks and threats. It also incorporates the ASD’s Essential Eight mitigation strategies, which reduce the risk of compromise in government systems. Additionally, the framework emphasizes the importance of IT asset inventory to mitigate risks of unauthorized access and data breaches. The Australian Government's role in developing a framework for assessing national security risks of vendor products is also integral."
graph_qwen,Q56,"What is the ACSC’s advice regarding using unauthorized online services, such as messaging apps or social media, to send and receive files?",Personnel are advised not to send or receive files via unauthorized online services because doing so often bypasses controls put in place to detect and quarantine malicious code.,"The provided facts do not mention specific advice from the ACSC regarding the use of unauthorized online services for sending and receiving files. The ACSC recommends multi-factor authentication (MFA) as a basic security measure and advises small businesses to read their resources on website security. They also provide detailed advice on backups and prioritize technical guidance, but there is no direct information about unauthorized online services. Therefore, the answer cannot be determined from the given facts.",18.372527360916138,"The provided facts do not mention specific advice from the ACSC regarding the use of unauthorized online services for sending and receiving files. The ACSC recommends multi-factor authentication (MFA) as a basic security measure and advises small businesses to read their resources on website security. They also provide detailed advice on backups and prioritize technical guidance, but there is no direct information about unauthorized online services. Therefore, the answer cannot be determined from the given facts."
graph_qwen,Q57,What is the implication of SMBs relying on Google search for cybersecurity information?,The reliance on Google search emphasizes the need for search engine optimization by authoritative bodies like the Australian Cybersecurity Centre (ACSC) to ensure reliable information appears at the top of search results.,"The reliance of Australian SMBs on Google search for cybersecurity information may lead to them encountering inaccurate or misleading content, as the facts indicate that cybersecurity frameworks like the ASD Essential Eight are not widely known among SMBs. Additionally, without targeted educational initiatives mandated by cybersecurity legislation, SMBs might struggle to prioritize effective mitigation strategies, such as those outlined in the ACSC technical advice. This could result in inadequate protection against common threats like phishing and ransomware, which are already top concerns for SMBs. The lack of proper guidance may also hinder their ability to implement essential security measures, increasing their vulnerability to cyberattacks.",17.787986516952515,"The reliance of Australian SMBs on Google search for cybersecurity information may lead to them encountering inaccurate or misleading content, as the facts indicate that cybersecurity frameworks like the ASD Essential Eight are not widely known among SMBs. Additionally, without targeted educational initiatives mandated by cybersecurity legislation, SMBs might struggle to prioritize effective mitigation strategies, such as those outlined in the ACSC technical advice. This could result in inadequate protection against common threats like phishing and ransomware, which are already top concerns for SMBs. The lack of proper guidance may also hinder their ability to implement essential security measures, increasing their vulnerability to cyberattacks."
graph_qwen,Q58,What is the function of the Expert LLMs within the PNCD framework?,Expert LLMs are auxiliary models built with RAG technology based on authoritative domain data designed to enhance the weight of correct knowledge.,The provided facts do not mention the function of Expert LLMs within the PNCD framework. I do not have enough information from the knowledge graph to answer this question. The question is outside the scope of the given facts. The knowledge graph does not include details about the PNCD framework or Expert LLMs.,17.943538665771484,The provided facts do not mention the function of Expert LLMs within the PNCD framework. I do not have enough information from the knowledge graph to answer this question. The question is outside the scope of the given facts. The knowledge graph does not include details about the PNCD framework or Expert LLMs.
graph_qwen,Q59,What is the primary concern cited by Queensland’s SMEs that is exacerbated by increasingly hot conditions under climate change?,"Queensland’s SMEs cite electricity costs as a primary concern, with this being exacerbated by increasingly hot conditions under climate change.","The primary concern cited by Queensland’s SMEs is phishing or targeted malicious emails, which is highlighted as the top concern of SMBs. This concern is exacerbated by increasingly hot conditions under climate change, which may lead to higher stress levels and reduced vigilance among employees, making them more susceptible to cyber threats. Additionally, non-employing SMBs, such as sole traders, have a diminished perceived need to prioritise cybersecurity concerns, further increasing their vulnerability. The use of large language models (LLMs) also raises concerns regarding data privacy and ethics, which could compound the challenges faced by SMEs in maintaining robust cybersecurity measures.",17.87484574317932,"The primary concern cited by Queensland’s SMEs is phishing or targeted malicious emails, which is highlighted as the top concern of SMBs. This concern is exacerbated by increasingly hot conditions under climate change, which may lead to higher stress levels and reduced vigilance among employees, making them more susceptible to cyber threats. Additionally, non-employing SMBs, such as sole traders, have a diminished perceived need to prioritise cybersecurity concerns, further increasing their vulnerability. The use of large language models (LLMs) also raises concerns regarding data privacy and ethics, which could compound the challenges faced by SMEs in maintaining robust cybersecurity measures."
graph_qwen,Q60,What must personnel who deal with banking details and payment requests be advised of to mitigate Business Email Compromise (BEC)?,"Personnel must be advised of what business email compromise is, how to manage such situations, and how to report it.","Personnel handling banking details and payment requests must be advised of the importance of multi-factor authentication (MFA) to mitigate Business Email Compromise (BEC). MFA is a recommended basic security measure by the ACSC and mitigates cyber criminals accessing online accounts and applications. Additionally, they should be trained on recognizing phishing attempts and verifying the legitimacy of requests through established protocols, as small businesses are especially vulnerable to cyber security threats and may lack the knowledge on where to start. Consulting with an IT professional and understanding legal obligations for protecting personal information can further enhance their preparedness against BEC attacks.",18.4594521522522,"Personnel handling banking details and payment requests must be advised of the importance of multi-factor authentication (MFA) to mitigate Business Email Compromise (BEC). MFA is a recommended basic security measure by the ACSC and mitigates cyber criminals accessing online accounts and applications. Additionally, they should be trained on recognizing phishing attempts and verifying the legitimacy of requests through established protocols, as small businesses are especially vulnerable to cyber security threats and may lack the knowledge on where to start. Consulting with an IT professional and understanding legal obligations for protecting personal information can further enhance their preparedness against BEC attacks."
