pipeline,id,question,gold_answer,model_answer,latency_sec
graph_mistral,Q1,What are the three basic security measures the Small Business Cyber Security Guide recommends as a starting point for SMBs?,"The guide recommends turning on multi-factor authentication, updating software, and backing up information as basic security measures.","The Small Business Cyber Security Guide recommends three basic security measures as a starting point for SMBs. First, they should be aware of common cybersecurity risks such as phishing and malware/ransomware. Second, they should understand that phishing is the most prevalent type of cyber-attack experienced by SMBs. Lastly, they should address the vulnerability to social engineering attacks like phishing by improving employee competence.",6.566346168518066
graph_mistral,Q2,Which Australian government agency provides advice and has a 24/7 hotline for cyber security support?,"The Australian Cyber Security Centre (ACSC) provides advice and support, including through a 24/7 hotline.","The Australian Cyber Security Centre (ACSC), which is related to the Australian Signals Directorate (ASD), provides cyber security advice for small and medium-sized enterprises (SMEs) through the ASD’s ACSC Small Business Cyber Security Guide. Additionally, the ACSC offers a 24/7 hotline for cyber security support to help SMEs respond to and recover from cyber security incidents.",4.534299612045288
graph_mistral,Q3,"What types of scams do cybercriminals use to target small businesses, and what are the goals of these scams?","Cybercriminals use email, text messages, phone calls, and social media scams, often pretending to be a trusted person or organization. Their goal is to scam staff into sending money/gift cards, clicking malicious links, or giving away sensitive information like passwords.","Cybercriminals target small businesses with phishing scams, which exploit a lack of competence in employees, leading to vulnerability to social engineering attacks. The goal of these scams is to gain unauthorized access to sensitive information or systems.",3.7029662132263184
graph_mistral,Q4,What critical challenge did the Western Australia study identify as the biggest hindrance to cybersecurity for SMBs?,"The biggest hindrance to cybersecurity found by the study was the lack of funds, coupled with a lack of knowledge on where to start implementing good security practices.","The Western Australia study identified a lack of competence in employees as the biggest hindrance to cybersecurity for SMBs, as this lack of competence often leads to vulnerability to social engineering attacks, such as phishing, which were found to be the most prevalent type of cyber-attacks experienced by these businesses.",3.8402116298675537
graph_mistral,Q5,What is the purpose of the Notifiable Data Breaches (NDB) legislation regarding reporting obligations for organizations?,The NDB legislation requires an organization to notify affected individuals and the Office of the Australian Information Commissioner (OAIC) as soon as practicable of a material data breach.,"The Notifiable Data Breaches (NDB) legislation in Australia requires organizations to report data breaches that pose a risk to individuals' personal information. This legislation is crucial for small and medium-sized businesses (SMBs) as it helps identify and address vulnerabilities, particularly those related to social engineering attacks like phishing, which are often caused by a lack of competence among employees.",4.12333607673645
graph_mistral,Q6,What is the role of MFA (Multi-factor authentication) in protecting online accounts for small businesses?,"MFA is one of the most effective ways to protect online accounts and applications from cyber criminals, acting as a two-step verification to verify a user’s identity.","The knowledge graph does not provide information on the role of Multi-factor authentication (MFA) in protecting online accounts for small businesses. However, it does indicate that a lack of competence in employees can lead to vulnerability to social engineering attacks like phishing, which are the most prevalent type of cyber-attacks experienced by SMBs. Therefore, implementing MFA could potentially strengthen the security of online accounts by adding an additional layer of protection against unauthorized access, even if an employee falls victim to a phishing attack.",5.93119740486145
graph_mistral,Q7,What are the two primary reasons why SMEs are highly important entities to threat actors?,"SMEs are highly important to threat actors because they are easier targets to exploit, and they often serve as a gateway to larger organizations or targeted high-profile victims [F11. CITRENZ_2022_paper_3899.pdf].","SMEs are valuable targets for threat actors due to their prevalent exposure to phishing attacks and the associated vulnerability resulting from a lack of competence among employees, making them susceptible to social engineering tactics.",3.2698147296905518
graph_mistral,Q8,What should small businesses be aware of if they pay a ransom during a ransomware incident?,"Paying a ransom does not guarantee that the files will be restored, and it increases the likelihood of the victim being targeted again.","Paying a ransom during a ransomware incident may not guarantee the recovery of data, as it could be a common method for cybercriminals to gain access to a business's systems and potentially install malware or phishing threats. Moreover, the 'no-fault' and 'no-liability' protection principles may discourage businesses from reporting such incidents, leaving them without guidance on preparation and response through a ransomware playbook. However, automation of backups can lead to quicker recovery after ransomware cyber incidents, which could mitigate some of the impact.",5.355987071990967
graph_mistral,Q9,What is the purpose of the proposed Cyber Health-Check Program under the 2023–2030 Australian Cyber Security Strategy?,"The program will offer a free, tailored assessment of cyber security maturity to small and medium businesses, along with educational tools and materials to help them improve their cyber security posture.","The proposed Cyber Health-Check Program under the 2023–2030 Australian Cyber Security Strategy aims to address the vulnerability of small businesses to social engineering attacks like phishing, which are often the most prevalent type of cyber-attacks they experience. This is due to a lack of competence in employees, making them susceptible to such attacks. The program is designed to help small businesses identify and mitigate these vulnerabilities, thereby enhancing their overall cybersecurity posture.",5.843213796615601
graph_mistral,Q10,What function does Application Control serve in preventing threats on systems?,"Application control is an effective way to prevent malicious code from executing on workstations and servers, and to ensure only approved applications can execute.","I do not have enough information from the knowledge graph to answer this question as the facts provided do not mention ""Application Control"" or its function in preventing threats on systems.",3.504868745803833
graph_mistral,Q11,What are the consequences of an inadequate cybersecurity strategy for SMBs?,"Inadequate cybersecurity strategies make SMBs vulnerable to reputational damage, financial and legal consequences, and risk business insolvency [1-s2.0-S0167404824003316-main.pdf].","Inadequate cybersecurity strategies for SMBs can lead to increased vulnerability to social engineering attacks, particularly phishing, due to a lack of competence among employees. This heightened susceptibility to phishing attacks can result in cyber-attacks on the SMBs.",3.7686500549316406
graph_mistral,Q12,"According to the ISM, what action should system owners take after a system is defined and controls are selected but before it is granted authorization to operate?","System owners should implement controls for the system and its operating environment, and the details of their actual implementation should be documented in the system’s system security plan annex.","To mitigate the risk of phishing attacks, system owners should focus on employee competence to reduce vulnerability to social engineering attacks. This can be achieved by providing training on recognizing and avoiding phishing attempts.",4.388169050216675
graph_mistral,Q13,What is the importance of having an IT asset inventory in a business?,"Maintaining an IT asset inventory facilitates efficient tracking and awareness of the technology endpoints present in the business, and its absence hinders efficient management and protection of resources [291, 1-s2.0-S0167404824003316-main.pdf].","Having an IT asset inventory in a business is crucial as it helps identify and manage all hardware, software, and network devices. This is particularly important for small businesses, as a comprehensive inventory can aid in understanding the potential attack surface and vulnerabilities, such as those related to phishing attacks. This is because a lack of competence among employees can lead to vulnerability to social engineering attacks like phishing, which are most prevalent among cyber-attacks on SMBs.",4.535126686096191
graph_mistral,Q14,"What are the risks associated with outsourcing cloud services, according to the Information Security Manual (ISM)?",Outsourced cloud services may be located offshore and subject to lawful and covert data collection without their customers’ knowledge.,"The risks associated with outsourcing cloud services, according to the knowledge graph, may include vulnerability to social engineering attacks like phishing. This is due to the lack of competence in employees of the outsourced service provider, which can make them more susceptible to such attacks.",3.627434492111206
graph_mistral,Q15,What measure does the ACSC recommend staff take when receiving payment requests or bank detail changes via email?,"The most effective mitigation measure is to call the sender using independently verified contact details to confirm the request is legitimate, and not to use the contact details sent in the potentially fraudulent email.","The Australian Cyber Security Centre (ACSC) recommends that staff should be cautious when receiving payment requests or bank detail changes via email, as these could be phishing attempts. Given that lack of competence in employees can lead to vulnerability to social engineering attacks like phishing, it is advisable for staff to verify the authenticity of such requests through independent means, such as contacting the sender via a known and secure communication channel, before taking any action.",5.625619411468506
graph_mistral,Q16,What two key components make up the Adaptive Positive and Negative weight Comparison Decoding (PNCD) strategy?,"The PNCD strategy consists of a penalty factor designed to reduce the negative impact of non-expert context, and a dynamic uncertainty enhancement factor designed to enhance the positive contribution of expert context.","The Adaptive Positive and Negative weight Comparison Decoding (PNCD) strategy, as it pertains to the given cybersecurity knowledge graph about Australian small businesses, can be broken down into two key components: (1) the prevalence of phishing attacks, as these are the most common type of cyber-attacks experienced by SMBs, and (2) the vulnerability to social engineering attacks like phishing, which is often caused by a lack of competence in employees.",4.656867265701294
graph_mistral,Q17,What problem does the PNCD framework aim to address in the medical domain for LLMs?,"The PNCD framework focuses on the problem of hallucination under the influence of noisy text environments for LLMs, and investigates the model's ability to cope with hallucination and complex text processing.","The Problem-oriented, Context-specific, and Domain-specific (PNCD) framework aims to address the challenge faced by Legal Language Masters (LLMs) in the medical domain, where they lack the necessary knowledge and resources to effectively identify and respond to cybersecurity threats that are especially targeted towards small businesses, including Australian Small Businesses (SMBs). The framework provides a structured approach to address this issue by requiring the implementation of basic security measures such as Multi-factor authentication (MFA), software updating, and data backups, while also emphasizing the importance of understanding obligations for protecting personal information, consulting with an IT professional, and consulting with a legal professional. However, the SMBs' lack of time, resources, and expertise, as well as their intimidation by technical jargon and low confidence in their ability to identify and respond to cyber threats, may pose challenges in implementing the PNCD framework effectively.",7.3132171630859375
graph_mistral,Q18,"What AI model was identified as the most potent for formulating cyber security policies for SMEs, according to one source?",The GPT-4 model was identified as the most potent AI model for formulating cyber security policies for SMEs [2306.02612v1 (1).pdf].,I do not have enough information from the knowledge graph to answer this question. The provided facts only discuss the prevalence of phishing attacks on SMBs and the role of employee competence in vulnerability to social engineering attacks. No information is given about the AI models that could be used to formulate cybersecurity policies for SMEs.,4.966222286224365
graph_mistral,Q19,What is the purpose of the RAG framework within the PNCD decoding strategy?,"RAG technology is the core mechanism supporting the collaborative work between expert and non-expert LLMs, constructing authoritative knowledge bases and adversarial noise bases via retrieval.","The RAG framework within the PNCD decoding strategy is not directly related to the facts provided about Australian small businesses and phishing attacks. However, it can be inferred that the RAG framework might be used to categorize the level of risk, awareness, and governance in relation to cybersecurity threats, such as phishing, in small businesses. This is because lack of competence in employees can lead to vulnerability to social engineering attacks like phishing, which are prevalent among SMBs that have experienced cyber-attacks.",4.867264032363892
graph_mistral,Q20,What are the three principal optimization paradigms established for LLM refinement?,"The three principal optimization paradigms for LLM refinement are Parameter-efficient fine-tuning (e.g., P-tuning and LoRA), Knowledge enhancement strategies (e.g., RAG and knowledge distillation), and Prompt engineering.",I do not have enough information from the knowledge graph to answer this question. The provided facts are about Australian small businesses and their vulnerability to phishing attacks due to a lack of competence among employees.,3.221808671951294
graph_mistral,Q21,What is the main finding regarding cyber threat perception among SMBs in the Western Australia study?,"Factors such as organizational size, industry sector, and revenue level did not significantly impact SMBs’ perception of vulnerability to cyber threats.","The study indicates that Australian small businesses in Western Australia are particularly vulnerable to phishing attacks, as they often lack the necessary competence among employees to resist social engineering tactics.",4.172764301300049
graph_mistral,Q22,"What is Ransomware, and how does it usually demand payment?","Ransomware is a common and dangerous type of malware that locks up or encrypts files, demanding a ransom, usually in the form of cryptocurrency, to restore access.","Ransomware is a type of malware that encrypts a victim's data, making it inaccessible. This malware is often delivered through phishing attacks, which exploit the lack of competence in employees, leading to vulnerabilities. Once a system is infected, the ransomware demands payment in exchange for the decryption key to regain access to the data. In some cases, victims may also need a ransomware playbook to prepare and respond effectively.",6.546412706375122
graph_mistral,Q23,What specific information does Engineers Australia suggest should be reported regarding ransomware incidents?,"Engineers Australia supports reporting the scope of the attack, the timeframe under which it happened, the entry point, the type of attack, and what data was targeted.","Engineers Australia does not provide specific information on what should be reported regarding ransomware incidents in the given knowledge graph. However, it is related that SMBs that experienced cyber-attacks are primarily related to phishing, and 66% of SMBs lack a documented plan for information security incidents. Additionally, a Cyber Extortion requires a ransomware playbook for preparation and response, and the Australian Government is responsible for establishing a new process for conducting lessons-learned reviews of significant cyber incidents. Therefore, it can be inferred that reporting on the type of cyber-attack (ransomware), the impact, and the steps taken to prepare and respond to the incident might be relevant.",7.119542837142944
graph_mistral,Q24,What are the typical barriers that small businesses face when trying to improve their cyber security culture?,"Barriers include not knowing where to begin, feeling intimidated by technical jargon, overwhelmed by not knowing what steps to take, and doubting that they have the time, resources, or digital literacy.","Small businesses often face barriers in improving their cyber security culture due to a lack of competence among employees, which can lead to vulnerability to social engineering attacks like phishing, the most prevalent type of cyber-attack experienced by these businesses.",3.4326283931732178
graph_mistral,Q25,What mitigating measure can be taken to prevent staff from neglecting to collect printed sensitive documents from Multifunction Devices (MFDs)?,"MFDs should implement authentication measures that are of the same strength as used for other devices on the same network, such as requiring multi-factor authentication if user workstations require it.","Maintaining an IT asset inventory of Multifunction Devices (MFDs) can help mitigate the risk of sensitive documents being left unattended and potentially accessed unauthorisedly, thus reducing the likelihood of data breaches due to staff negligence.",3.444831609725952
graph_mistral,Q26,What key vulnerability arises when small businesses rely heavily on outsourced IT arrangements for cybersecurity?,Outsourcing may lead to gaps in the owner’s cyber security knowledge about which security measures are actually being implemented to protect their business.,"Outsourced IT arrangements may lead to a key vulnerability in small businesses, as the lack of competence among employees in managing cybersecurity can increase the risk of social engineering attacks like phishing, which are the most prevalent type of cyber-attacks experienced by these businesses.",4.7538535594940186
graph_mistral,Q27,What should small businesses do with their devices before selling or disposing of them?,"Devices should be reset, likely through a factory reset, before selling or disposing of business devices.","To minimize the risk of phishing attacks, small businesses should ensure that their employees have a sufficient level of competence to avoid social engineering attacks. This can help reduce the vulnerability of the business to phishing, which is the most prevalent type of cyber-attack experienced by SMBs. To further protect devices before selling or disposing of them, it is recommended to perform a complete data wipe and reset to factory settings.",4.347627878189087
graph_mistral,Q28,"Who is responsible for implementing the six-step risk management framework, including defining the system and selecting controls, for each system according to the ISM?",System owners are responsible for the implementation of the six-step risk management framework for each of their systems.,"The employees of Australian small businesses, due to their lack of competence, may be responsible for implementing the six-step risk management framework, including defining the system and selecting controls, for each system according to the ISM. This is because their inadequate understanding of cybersecurity can lead to vulnerability to social engineering attacks like phishing, which are the most prevalent type of cyber-attacks experienced by these businesses.",4.252197504043579
graph_mistral,Q29,Why is Multi-factor Authentication (MFA) prioritised for financial and email accounts in small businesses?,MFA is prioritised for financial and email accounts for maximum effect because it is one of the most effective ways to protect valuable information and accounts.,"Multi-factor Authentication (MFA) is prioritised for financial and email accounts in small businesses because these accounts are often targeted by phishing attacks. The prevalence of phishing attacks is exacerbated by the lack of competence in employees, which can lead to vulnerability to social engineering attacks like phishing. MFA adds an extra layer of security by requiring additional verification methods beyond just a password, thereby reducing the risk of unauthorised access.",5.61553168296814
graph_mistral,Q30,What should be done with at least one backup of important data to protect against natural disasters or theft?,"At least one backup should always be kept disconnected from the device, preferably at an offsite location, in case of natural disasters or theft.","To protect against natural disasters or theft, at least one backup of important data should be stored securely, such as using the Australian Government’s Digital ID System to mitigate identity theft and fraud.",3.2188258171081543
graph_mistral,Q31,What kind of cyber threat information will the ACSC provide to major telecommunications providers to help block threats at scale?,"The ACSC will provide information about known malicious websites, malware, phishing campaigns, and online scams to boost providers’ ability to block threats at scale.","The Australian Cyber Security Centre (ACSC) may provide information about the prevalence of phishing attacks, which are commonly experienced by Australian small businesses due to a lack of competence in employees, causing vulnerability to social engineering attacks like phishing. This information could help major telecommunications providers to develop strategies for blocking phishing threats at scale.",3.90291690826416
graph_mistral,Q32,What key finding regarding cyber insurance uptake was revealed by the Cyber Wardens research?,Fewer than 1 in 4 (24%) small businesses have specialized cyber insurance protection despite a 23% increase in reported cyber attacks in the past 12 months.,I do not have enough information from the knowledge graph to answer this question. The provided facts do not include any information about cyber insurance uptake or the findings of the Cyber Wardens research.,4.964998483657837
graph_mistral,Q33,What legal advice must be sought before allowing privately-owned mobile devices to access systems or data?,Legal advice must be sought prior to allowing privately-owned mobile devices and desktop computers to access systems or data.,"I do not have enough information from the knowledge graph to answer this question. The provided facts only discuss the relationship between small businesses, phishing attacks, and employee competence. No information is given about the use of privately-owned mobile devices, data access, or legal advice.",3.594712257385254
graph_mistral,Q34,How does the implementation of threat-blocking technology protect Australian citizens and businesses?,Supporting the roll-out of threat-blocking technology will prevent known malicious cyber threats from reaching Australian consumers and businesses.,"The implementation of threat-blocking technology can protect Australian citizens and businesses by reducing their vulnerability to phishing attacks, which are the most prevalent type of cyber-attacks against small businesses. This is because such technology can help mitigate the impact of social engineering attacks, which are often successful due to a lack of competence among employees.",3.9253530502319336
graph_mistral,Q35,What are the functions covered by the NIST CSF Respond function as related to the WA SMB study?,"The NIST CSF Respond function covers response planning, communications, analysis, mitigation, and improvements [1-s2.0-S0167404824003316-main.pdf].","The NIST CSF Respond function, as related to the WA SMB study, focuses on addressing and managing the consequences of a cybersecurity incident, particularly phishing attacks. This is due to the fact that small businesses in Western Australia have been found to be vulnerable to social engineering attacks like phishing, which are often the most prevalent type of cyber-attacks they experience. This vulnerability is primarily caused by a lack of competence in their employees.",5.627586126327515
graph_mistral,Q36,"According to the ISM, what must happen before intrusion activity is allowed to continue on a compromised system for the purpose of collecting data or evidence?",Legal advice must be sought before allowing intrusion activity to continue on a system for the purpose of collecting further data or evidence.,The knowledge graph does not provide information about the steps required for intrusion activity to continue on a compromised system for the purpose of collecting data or evidence.,2.9912025928497314
graph_mistral,Q37,What benefit does the existence of a documented Cyber Security Incident Response Plan provide to an organization?,"A documented Cyber Security Incident Response Plan is necessary for an organization to respond swiftly, efficiently, and effectively to any incident, thereby minimizing the impact.","A documented Cyber Security Incident Response Plan can help mitigate the impact of phishing attacks on an organization by providing a structured approach to respond to such incidents. This plan can help ensure that employees with a lack of competence, who may be more vulnerable to social engineering attacks like phishing, are equipped with the necessary steps to respond effectively, thereby reducing the organization's overall vulnerability to such attacks.",4.212442398071289
graph_mistral,Q38,What did the Western Australia study find regarding surveyed SMBs' use of IT professionals?,"It is encouraging that 66% of surveyed SMBs utilized skilled IT professionals either internally or through service providers, despite financial challenges.","The Western Australia study does not provide information from the knowledge graph about the use of IT professionals by surveyed SMBs. However, it is known that a lack of competence in employees can cause vulnerability to social engineering attacks like phishing, which are the most prevalent type of cyber-attacks experienced by these businesses.",4.956370115280151
graph_mistral,Q39,What is the highest risk associated with using Microsoft Office macros?,"Malicious actors can create macros to perform a variety of malicious activities, such as assisting to compromise workstations in order to exfiltrate or deny access to data.","The highest risk associated with using Microsoft Office macros in Australian Small Businesses (SMBs) is the potential for cybercriminals to exploit vulnerabilities in the macros, leading to unauthorized access to devices and services in the network, and data held by the business. SMBs are especially vulnerable to such threats due to their lack of time, resources, and expertise, as well as their reliance on the security of platforms they use, and their low confidence in their ability to identify and respond to cyber threats. It is recommended that SMBs consult with an IT professional to understand their obligations for protecting personal information, read ACSC resources on website security, and implement multi-factor authentication (MFA), software updating, data backups, and an emergency plan for cyber security incidents. However, the knowledge graph does not provide specific information about the risk associated with using Microsoft Office macros.",7.111351013183594
graph_mistral,Q40,What kind of IT equipment configuration conflicts should prioritize the most restrictive guidance?,"In situations where ASD (Australian Signals Directorate) and vendor hardening guidance conflicts regarding IT equipment, precedence should be given to implementing the most restrictive guidance.","To prioritize the most restrictive guidance in IT equipment configuration, businesses should focus on reducing the amount of critical data stored, as this mitigates the attractiveness of a business as a cyber target. This is because reducing the amount of critical data stored makes it less likely for cybercriminals targeting business data to successfully breach the system. Additionally, businesses should be aware that the 'no-fault' and 'no-liability' protection principles can have a major impact on businesses’ confidence to report ransomware incidents, which could potentially lead to more undetected cybercrimes. Therefore, it is crucial to strike a balance between data protection and operational efficiency when configuring IT equipment.",6.787530422210693
graph_mistral,Q41,What is the objective of the Australian Government’s commitment to develop the Digital ID program?,The Digital ID program is being developed to reduce the need for people to share sensitive personal information with government and businesses to access services online.,"The objective of the Australian Government’s commitment to develop the Digital ID program is to provide a secure and convenient way for Australian Small Businesses (SMBs) to authenticate their online accounts and applications, thereby mitigating the risk of cyber criminals accessing sensitive information. This is particularly important for SMBs, which are especially vulnerable to cyber security threats and rely heavily on the security of platforms they use, often assuming they are 'secure-by-design'. However, SMBs often lack the time, resources, and expertise to implement multi-factor authentication (MFA), one of the basic security measures recommended by the Australian Cyber Security Centre (ACSC). The Digital ID program aims to address this gap by offering a user-friendly solution that SMBs can easily adopt, thereby reducing their risk of cyber security incidents and the devastating impacts they can have.",6.900516748428345
graph_mistral,Q42,Why is keeping a directory of support and vendor contacts important for SMBs?,"Maintaining a directory of support and vendor contacts is essential for timely and efficient incident response, allowing SMBs to access necessary expertise and resources when needed.","Keeping a directory of support and vendor contacts is important for SMBs because it can help mitigate the vulnerability to social engineering attacks like phishing, which are the most prevalent type of cyber-attacks experienced by such businesses. This is because a well-maintained directory can ensure that employees have the necessary resources to verify the authenticity of communications, reducing the risk of falling victim to phishing scams due to a lack of competence.",5.5960071086883545
graph_mistral,Q43,What steps should be taken immediately if malicious code is detected on a system?,"Infected systems and media should be isolated immediately to prevent the infection from spreading, followed by using antivirus applications to potentially remove the infection, or restoring from a known good backup or rebuild if removal is unreliable.","Immediately disconnect the affected system from the network, consult with an IT professional for assistance in removing the malicious code, and implement multi-factor authentication (MFA) to secure online accounts and applications. Additionally, ensure data backups are up-to-date, as they may be necessary for recovery. It is also crucial to understand legal obligations for protecting personal information and consult with a legal professional if needed. Lastly, read ACSC resources on website security to better understand cyber security threats and how to respond to them.",5.180394887924194
graph_mistral,Q44,What governance role do SME directors play regarding cyber security risk?,"SME directors have a key role in setting a tone from the top to build a culture of cyber resilience, and their duties are relevant to the oversight of cyber security risks.","SME directors play a role in mitigating cyber security risks by ensuring that their organizations have adequate measures in place to protect against phishing attacks. This is due to the fact that phishing is the most prevalent type of cyber-attack experienced by SMBs, and the vulnerability to such attacks is often caused by a lack of competence among employees.",4.0209386348724365
graph_mistral,Q45,What is the ASD’s Essential Eight (E8) and what is its goal?,The Essential Eight is the Australian Signals Directorate’s (ASD) prioritized list of mitigation strategies to assist businesses in protecting their systems against a range of adversaries.,"The ASD's Essential Eight (E8) is a set of strategies designed to protect Australian Small and Medium Businesses (SMBs) from cyber-attacks. The E8 aims to mitigate the most prevalent types of cyber-attacks, particularly phishing, by addressing the vulnerability caused by a lack of competence in employees, making them susceptible to social engineering attacks like phishing.",5.4275124073028564
graph_mistral,Q46,"What is the primary difference between a password and a passphrase, as defined in the ISM context?","A password is a sequence of characters used for authentication, while a passphrase is a sequence of words used for authentication.","I do not have enough information from the knowledge graph to answer this question. The provided facts only discuss phishing attacks on Australian small businesses, not passwords or passphrases in the ISM context.",3.2472987174987793
graph_mistral,Q47,What is the objective of hardening operating systems?,Hardening operating systems aims to configure them in an approved secure state to minimize the security risk of malicious actors gaining an initial foothold on networks.,"Hardening operating systems aims to reduce the vulnerability of small Australian businesses to ransomware attacks by ensuring that their systems, software, and applications are automatically updated. This practice helps to close potential security loopholes and protect against exploitation by malicious actors.",5.045357942581177
graph_mistral,Q48,What must event logs produced by software ensure regarding sensitive data?,Event logs produced by software must ensure that any sensitive data within them is protected.,"Event logs produced by software in micro sized enterprises should prioritize data leakage prevention, as these businesses are associated with higher levels of data leakage prevention compared to small and medium enterprises.",6.088541030883789
graph_mistral,Q49,What is the ACSC’s recommendation for small businesses regarding implementing the Essential Eight?,The ACSC recommends that small businesses implement Maturity Level One of the Essential Eight after completing the basic guidance provided in the small business cyber security guide.,"The Australian Cyber Security Centre (ACSC) recommends that small businesses implement Multi-factor authentication (MFA), software updating, data backups, and an emergency plan for cyber security incidents. They should also consult with an IT professional, a legal professional, and read ACSC resources on website security to understand their obligations for protecting personal information and to gain knowledge on where to start. Small businesses are especially vulnerable to cyber security threats, relying heavily on the security of platforms they use, and are often intimidated by technical jargon and overwhelmed by the steps to take. However, they should be aware that a lack of time, resources, and expertise, as well as a lack of funds, can hinder their ability to implement these measures.",6.291626214981079
graph_mistral,Q50,"What factor causes the vast majority of cyber attacks in Australia, according to research cited?",Research suggests the vast majority of cyber attacks in Australia involve human error.,"Lack of competence in employees is the cause of vulnerability to social engineering attacks like phishing, which are the most prevalent type of cyber-attacks experienced by Australian small businesses.",3.1911051273345947
graph_mistral,Q51,What two types of data bases are constructed using RAG retrieval for the PNCD framework?,The construction of authoritative knowledge base and adversarial noise base are constructed by RAG retrieval.,"I do not have enough information from the knowledge graph to answer this question. The provided facts only discuss Australian small businesses, their vulnerability to phishing attacks due to lack of competence among employees, and phishing being the most prevalent type of cyber-attack they experience. No information is given about RAG retrieval or the PNCD framework.",5.106303691864014
graph_mistral,Q52,What key finding about cyber risk perception among WA SMBs did the study report regarding internal versus external threats?,"SMBs were over-estimating the risk of unauthorized access by internal users while underestimating the risks of brute force attacks, payment redirection fraud, and accidental disclosure [1-s2.0-S0167404824003316-main.pdf].","The study found that Australian Small Businesses (SMBs) in Western Australia, while being aware of external cyber threats from cybercriminals, are more concerned about internal factors such as lack of time, resources, and expertise, lack of funds, and lack of knowledge on where to start. This indicates a low confidence in their ability to identify and respond to cyber threats, and a reliance on the security of platforms they use, assuming them to be 'secure-by-design'. They are also intimidated by technical jargon and overwhelmed by the steps to take, which may contribute to a perception that internal factors pose a greater risk than external threats.",6.187179803848267
graph_mistral,Q53,What is a major challenge regarding SMEs' adoption of cloud computing services in Australia?,Security challenges are one of the critical factors that discourages SMEs to adopt cloud computing in Australia [paper_84.pdf].,The major challenge for small and medium-sized businesses (SMEs) in Australia adopting cloud computing services is their vulnerability to social engineering attacks like phishing. This vulnerability is often caused by a lack of competence among employees in recognizing and responding appropriately to such attacks. Phishing attacks are the most prevalent type of cyber-attacks experienced by SMEs in Australia.,5.322359800338745
graph_mistral,Q54,What must software developers ensure about the authoritative source for software they use in their development environment?,"They must ensure they are using a secure authoritative source for software to reduce security risks related to unauthorized access to source code, source code tampering, and other possible cyber supply chain attacks.","To minimize the risk of phishing attacks, software developers should ensure that the authoritative source for the software they use in their development environment is secure and reliable. This is because, according to the cybersecurity knowledge graph, small businesses that experienced cyber-attacks are most commonly targeted by phishing, and a lack of competence in employees can cause vulnerability to social engineering attacks like phishing.",4.159394979476929
graph_mistral,Q55,What are the core components of the risk management framework used by the ISM?,"The risk management framework used by the Information security manual has six steps: define the system, select controls, implement controls, assess controls, authorize the system, and monitor the system.","The risk management framework used by Australian small businesses, as suggested by the knowledge graph, includes a lack of competence in employees as a key factor that contributes to vulnerability to social engineering attacks like phishing, which are the most prevalent type of cyber-attacks experienced by these businesses.",3.681112766265869
graph_mistral,Q56,"What is the ACSC’s advice regarding using unauthorized online services, such as messaging apps or social media, to send and receive files?",Personnel are advised not to send or receive files via unauthorized online services because doing so often bypasses controls put in place to detect and quarantine malicious code.,"The Australian Cyber Security Centre (ACSC) advises small businesses to be cautious when using unauthorized online services for file transfers, as this may increase their vulnerability to social engineering attacks like phishing. This is due to the lack of competence in employees, which can make them more susceptible to such attacks.",4.96250319480896
graph_mistral,Q57,What is the implication of SMBs relying on Google search for cybersecurity information?,The reliance on Google search emphasizes the need for search engine optimization by authoritative bodies like the Australian Cybersecurity Centre (ACSC) to ensure reliable information appears at the top of search results.,"The implication of SMBs relying on Google search for cybersecurity information is that they may not find accurate or specialized resources to address their unique needs, potentially leading to a lack of competence in employees, which in turn causes vulnerability to social engineering attacks like phishing, the most prevalent type of cyber-attack experienced by these businesses.",3.9502429962158203
graph_mistral,Q58,What is the function of the Expert LLMs within the PNCD framework?,Expert LLMs are auxiliary models built with RAG technology based on authoritative domain data designed to enhance the weight of correct knowledge.,"The Expert LLMs within the PNCD framework help identify and address the vulnerability to social engineering attacks like phishing in Australian small businesses, as these businesses often lack competence in their employees, which can lead to increased susceptibility to such attacks.",3.481691360473633
graph_mistral,Q59,What is the primary concern cited by Queensland’s SMEs that is exacerbated by increasingly hot conditions under climate change?,"Queensland’s SMEs cite electricity costs as a primary concern, with this being exacerbated by increasingly hot conditions under climate change.","""I do not have enough information from the knowledge graph to answer this question. However, based on the provided facts, it can be inferred that the primary concern for Queensland’s SMEs might be their vulnerability to phishing attacks, as they are the most prevalent type of cyber-attacks experienced by SMBs, and this vulnerability is caused by a lack of competence among employees, which could potentially be exacerbated by factors such as increased stress or distraction due to extreme weather conditions.""",5.906101703643799
graph_mistral,Q60,What must personnel who deal with banking details and payment requests be advised of to mitigate Business Email Compromise (BEC)?,"Personnel must be advised of what business email compromise is, how to manage such situations, and how to report it.","To mitigate Business Email Compromise (BEC), personnel who deal with banking details and payment requests should be advised to be vigilant against social engineering attacks, particularly phishing. This is due to the fact that a lack of competence in employees can lead to vulnerability to such attacks.",3.7889115810394287
